cell_line,barcode
fibro,AAACGGGGTCTCGTTC
fibro,AAAGCAAAGCACGCCT
fibro,AAATGCCGTCGGCACT
fibro,AACTCAGAGGCTAGGT
fibro,AAGACCTAGCTGCAAG
fibro,AAGGTTCCACATAACC
fibro,AAGGTTCGTCGACTAT
fibro,AAGTCTGGTGAAGGCT
fibro,AATCCAGGTCAACTGT
fibro,ACACCGGAGTGAACAT
fibro,ACACCGGCATTCTTAC
fibro,ACAGCCGCATAAGACA
fibro,ACATACGTCAGGATCT
fibro,ACATGGTGTCAGAAGC
fibro,ACCAGTACATCGACGC
fibro,ACCGTAACAGGTTTCA
fibro,ACGCAGCTCACCTTAT
fibro,ACGGAGAGTCGCGGTT
fibro,ACGGCCACACAGCCCA
fibro,ACTGAGTGTTCCCGAG
fibro,ACTGCTCAGCCGGTAA
fibro,ACTGCTCCACCTTGTC
fibro,ACTGTCCAGAGCCTAG
fibro,ACTGTCCCAATGACCT
fibro,ACTTACTGTACGAAAT
fibro,AGAATAGCACCAGATT
fibro,AGAATAGTCGCCTGTT
fibro,AGAGCGACAGTCCTTC
fibro,AGATTGCGTTTAGGAA
fibro,AGCATACTCTCGGACG
fibro,AGCGTATAGCGATGAC
fibro,AGCGTATTCTGCTGTC
fibro,AGCTTGACACGGACAA
fibro,AGTCTTTAGCAGGTCA
fibro,AGTGTCATCTCATTCA
fibro,ATCATCTTCACCACCT
fibro,ATCATGGGTCTCTTTA
fibro,ATCTACTCAGTCAGCC
fibro,ATTCTACGTCGATTGT
fibro,CACAAACCAAACTGCT
fibro,CACACCTAGAGGTTAT
fibro,CACACTCGTCTAAACC
fibro,CACAGGCGTCATGCCG
fibro,CACAGGCGTTATGTGC
fibro,CACCAGGCACGAAATA
fibro,CACCAGGTCCGCTGTT
fibro,CACCTTGCAGGCTCAC
fibro,CAGAATCTCACCCGAG
fibro,CAGAGAGAGGCAAAGA
fibro,CAGAGAGTCCTCGCAT
fibro,CAGCAGCGTCCTCCAT
fibro,CAGCCGATCACCTTAT
fibro,CATATGGAGCGGATCA
fibro,CATATGGGTCTAGGTT
fibro,CATCAAGTCCTTGCCA
fibro,CATCGAACAGGAATGC
fibro,CATGCCTGTTCTGTTT
fibro,CATGGCGCACAGACAG
fibro,CATTATCCACATCCAA
fibro,CCATGTCAGAGACTTA
fibro,CCATGTCGTACACCGC
fibro,CCATTCGAGGTAAACT
fibro,CCCAATCTCCGTTGCT
fibro,CCGTGGAAGGAGCGTT
fibro,CCGTGGAAGTGTACGG
fibro,CCGTGGATCCTAGAAC
fibro,CCTACACAGAGGTTAT
fibro,CCTACACCACCCATTC
fibro,CCTACCAAGGAATCGC
fibro,CCTAGCTTCAAGATCC
fibro,CCTATTAAGATAGCAT
fibro,CCTTCCCAGCCAGAAC
fibro,CCTTTCTCATGTAAGA
fibro,CGAACATGTGTCCTCT
fibro,CGACTTCCAGGTGCCT
fibro,CGAGAAGAGTCTCCTC
fibro,CGAGCACCAGCTTAAC
fibro,CGAGCACGTCTCGTTC
fibro,CGATGGCAGGCCGAAT
fibro,CGATGGCTCAAACGGG
fibro,CGATTGAAGAAACGCC
fibro,CGATTGAAGATATGGT
fibro,CGATTGAGTTTAAGCC
fibro,CGCCAAGTCATAGCAC
fibro,CGCCAAGTCTCCCTGA
fibro,CGCGTTTAGCGCTCCA
fibro,CGGACACGTGGTTTCA
fibro,CGGACACGTTCAGGCC
fibro,CGGACGTGTGGCCCTA
fibro,CGGAGTCCAGTCAGAG
fibro,CGTCAGGAGATAGGAG
fibro,CGTCAGGAGCACAGGT
fibro,CGTGTCTTCACTTATC
fibro,CTAACTTAGGAGTACC
fibro,CTAAGACAGAAACCGC
fibro,CTAATGGAGTGCGTGA
fibro,CTAATGGCAACTGCGC
fibro,CTAGCCTCAAGTAGTA
fibro,CTAGCCTCACATTCGA
fibro,CTCACACAGAGGTAGA
fibro,CTCACACCAGACGTAG
fibro,CTCAGAAGTTGGACCC
fibro,CTCATTAAGATAGTCA
fibro,CTCGAGGCAGTGAGTG
fibro,CTCGGGATCTTAGCCC
fibro,CTCGTACGTCTCTCTG
fibro,CTCTACGCAGCTGCAC
fibro,CTGAAACAGAGTTGGC
fibro,CTGCCTAGTAACGTTC
fibro,CTGGTCTTCACCGGGT
fibro,CTGTGCTTCTACTCAT
fibro,CTTAACTTCTTCAACT
fibro,CTTCTCTCACTAAGTC
fibro,GAAATGAAGGCCCTTG
fibro,GAAATGAGTATAGTAG
fibro,GAACATCGTTATGTGC
fibro,GAAGCAGTCCTATGTT
fibro,GAATAAGAGACTAGAT
fibro,GACACGCAGCTCAACT
fibro,GACACGCCAAGTTGTC
fibro,GACAGAGGTTCTCATT
fibro,GACCAATGTGTATGGG
fibro,GACCTGGGTTGGGACA
fibro,GACGCGTAGGCATGTG
fibro,GACGCGTTCCTCAACC
fibro,GACGGCTAGGAATTAC
fibro,GAGGTGACAAACGTGG
fibro,GAGGTGATCAAGATCC
fibro,GATCAGTTCTGACCTC
fibro,GATCGATCAGTTTACG
fibro,GATCGATTCAGCCTAA
fibro,GATTCAGAGACTTTCG
fibro,GCACATACAATTCCTT
fibro,GCAGCCATCTGTCTCG
fibro,GCAGTTAAGATGGCGT
fibro,GCATGCGCAGCCACCA
fibro,GCGAGAACAAAGCAAT
fibro,GCGCAACGTCACCTAA
fibro,GCGCGATCACTTACGA
fibro,GCTCCTATCAACCATG
fibro,GCTGCAGCAAAGGTGC
fibro,GGAAAGCCAACTGCTA
fibro,GGAGCAATCTGACCTC
fibro,GGCCGATAGCCCTAAT
fibro,GGCGACTTCAATCACG
fibro,GGCGACTTCCACGTTC
fibro,GGCTCGATCCTGCCAT
fibro,GGCTGGTAGCGACGTA
fibro,GGGAATGAGGCCCTTG
fibro,GGGATGAGTGCACCAC
fibro,GGGCACTGTAACGTTC
fibro,GGGCATCTCAACGAAA
fibro,GGGCATCTCCAAACAC
fibro,GGGTTGCAGGCCCTCA
fibro,GTAACTGTCACTCCTG
fibro,GTAGGCCTCCTGTACC
fibro,GTATTCTAGATGTGGC
fibro,GTATTCTTCTCGCATC
fibro,GTCAAGTAGTCATGCT
fibro,GTCACAAGTCATCCCT
fibro,GTCATTTGTAAGGATT
fibro,GTCCTCAAGCTTTGGT
fibro,GTCTTCGTCACAGTAC
fibro,GTGAAGGCACCGAAAG
fibro,GTGCGGTCATTGCGGC
fibro,GTGGGTCAGAATCTCC
fibro,GTGTTAGTCAGGTTCA
fibro,GTGTTAGTCCGCAGTG
fibro,GTTAAGCAGGTAGCTG
fibro,GTTAAGCGTTCCATGA
fibro,TACCTTACACATTTCT
fibro,TACGGTAGTGTTAAGA
fibro,TAGCCGGAGCAGACTG
fibro,TAGCCGGTCGCTAGCG
fibro,TATCAGGCAGGGTATG
fibro,TATCTCACAAGTTAAG
fibro,TATTACCTCGCACTCT
fibro,TCAGATGGTGTGTGCC
fibro,TCATTACAGACAGAGA
fibro,TCGGGACCATGCCACG
fibro,TCGGGACTCAGCAACT
fibro,TCGGTAACAGAAGCAC
fibro,TCGTAGAAGATGGGTC
fibro,TCTATTGCAAACGCGA
fibro,TCTCATACACAGAGGT
fibro,TCTCATAGTTATTCTC
fibro,TGAAAGAAGTACGATA
fibro,TGACTAGCATTACCTT
fibro,TGACTTTAGCGACGTA
fibro,TGAGAGGGTTCGCTAA
fibro,TGATTTCTCCTTAATC
fibro,TGCACCTCAGGCGATA
fibro,TGCCCATGTTCGAATC
fibro,TGCCCTACAGCTCCGA
fibro,TGCTACCCACCATCCT
fibro,TGCTGCTGTTCCATGA
fibro,TGGCGCATCTCGCTTG
fibro,TGGGAAGCAATGGACG
fibro,TGTATTCAGCTCCTCT
fibro,TGTGGTATCCTCCTAG
fibro,TTAGGCAGTGCCTGGT
fibro,TTATGCTCAGCGATCC
fibro,TTCTACAAGATGTAAC
fibro,TTCTACAAGTGAATTG
fibro,TTCTCAAAGCGCTTAT
fibro,TTCTCAACAAAGGAAG
fibro,TTCTCCTCAAGGACAC
fibro,TTGAACGAGCACACAG
fibro,TTGACTTTCTCTAGGA
fibro,TTGCCGTCAATCGGTT
fibro,TTGCGTCTCTGGCGTG
fibro,TTGGAACCAGGGAGAG
fibro,TTTGCGCGTACCGTAT
fibro,TTTGCGCTCTCTTATG
lum,AAACGGGCAGCGTTCG
lum,AAACGGGGTTTGTGTG
lum,AAAGCAACATTACCTT
lum,AAAGCAATCCCTCTTT
lum,AAATGCCTCTAGCACA
lum,AACACGTCACCGGAAA
lum,AACGTTGAGCCTTGAT
lum,AACGTTGGTCAGAATA
lum,AACTCAGTCACAACGT
lum,AACTCCCGTGTGCGTC
lum,AACTTTCGTTCAGCGC
lum,AAGACCTGTCTCAACA
lum,AAGACCTTCAGAGACG
lum,AAGCCGCGTATATCCG
lum,AAGCCGCGTGTGTGCC
lum,AAGCCGCTCGTAGATC
lum,AAGGAGCAGGGAAACA
lum,AAGGCAGGTAGCCTCG
lum,AAGGCAGTCGACGGAA
lum,AAGGTTCTCCTTGGTC
lum,AATCCAGAGACGCAAC
lum,AATCCAGAGGACCACA
lum,ACACCGGAGCTAGTTC
lum,ACACTGATCGGTTCGG
lum,ACATACGGTCGCATAT
lum,ACATGGTCAGCTCGAC
lum,ACATGGTTCTACTATC
lum,ACCAGTAAGAGTTGGC
lum,ACCAGTACATCGATGT
lum,ACCAGTATCCGGGTGT
lum,ACCGTAAGTCTAGCCG
lum,ACCGTAATCACATGCA
lum,ACCGTAATCCTCATTA
lum,ACGAGGACAAAGGCGT
lum,ACGATACGTCTGGAGA
lum,ACGATACGTGTTGAGG
lum,ACGATGTAGGAATCGC
lum,ACGATGTGTAGCGTCC
lum,ACGCAGCAGATCCCAT
lum,ACGCAGCAGGAGTACC
lum,ACGCAGCCACGGACAA
lum,ACGCAGCTCCAGAAGG
lum,ACGCCAGTCCGAAGAG
lum,ACGCCGACACTAAGTC
lum,ACGGCCAAGACTCGGA
lum,ACGGCCAGTACAGCAG
lum,ACGGGCTCAATTGCTG
lum,ACGGGTCCAGATGGGT
lum,ACGGGTCCATTCGACA
lum,ACGGGTCTCTTGGGTA
lum,ACGTCAACATTCCTCG
lum,ACGTCAAGTTAAAGTG
lum,ACGTCAATCAGTCAGT
lum,ACTATCTTCCAGGGCT
lum,ACTGAGTCAATAGAGT
lum,ACTGATGAGGTGTTAA
lum,ACTGATGGTTCACGGC
lum,ACTGCTCGTTAGATGA
lum,ACTGTCCTCCCAACGG
lum,ACTTTCAAGAAGGTTT
lum,ACTTTCAAGACAAAGG
lum,ACTTTCACAACGCACC
lum,ACTTTCACAGGTCCAC
lum,ACTTTCAGTGCTGTAT
lum,ACTTTCATCATAACCG
lum,AGAATAGCACGCTTTC
lum,AGACGTTCACCAGGTC
lum,AGACGTTGTCTTTCAT
lum,AGAGCTTGTACATGTC
lum,AGAGTGGGTCGCGGTT
lum,AGAGTGGTCACCAGGC
lum,AGAGTGGTCCCATTAT
lum,AGATCTGAGCCCAATT
lum,AGCAGCCAGACAGAGA
lum,AGCAGCCCACTGTGTA
lum,AGCAGCCCATGAACCT
lum,AGCAGCCTCTCTGAGA
lum,AGCATACGTGCCTGCA
lum,AGCGGTCAGAGCTGGT
lum,AGCGGTCAGGCCCTCA
lum,AGCGGTCTCGGCTTGG
lum,AGCGGTCTCTAGCACA
lum,AGCGTATAGGAGTAGA
lum,AGCGTATAGTGTCTCA
lum,AGCGTATCATCCGGGT
lum,AGCGTCGAGCGATCCC
lum,AGCGTCGCATATGAGA
lum,AGCTCCTGTGCAACGA
lum,AGCTCTCCACGGCGTT
lum,AGCTTGAAGTGTGGCA
lum,AGCTTGACAAGGTTTC
lum,AGGCCACCATACTACG
lum,AGGCCGTTCCCAGGTG
lum,AGGGAGTGTCTCTTTA
lum,AGGGAGTGTTGCTCCT
lum,AGGGATGAGAAGATTC
lum,AGGGATGCAGTCGATT
lum,AGGGATGGTAGATTAG
lum,AGGGATGTCCTCCTAG
lum,AGGGTGAGTAGCCTCG
lum,AGGGTGAGTATCGCAT
lum,AGTGAGGAGTTCGATC
lum,AGTGAGGCAGATGGCA
lum,AGTGGGAGTAGCGCTC
lum,AGTGGGAGTGTAATGA
lum,AGTGGGAGTTTAAGCC
lum,AGTGTCACAGGTCGTC
lum,AGTTGGTTCGAACGGA
lum,ATAACGCTCTGCAGTA
lum,ATAAGAGCAGGTGGAT
lum,ATAAGAGCATACGCCG
lum,ATAAGAGTCCCTCAGT
lum,ATCACGACAAGCCATT
lum,ATCATCTAGCGATTCT
lum,ATCCGAACAGAGCCAA
lum,ATCGAGTCATTAGCCA
lum,ATCGAGTTCTTGTTTG
lum,ATCTACTAGGCCGAAT
lum,ATCTACTAGTCGCCGT
lum,ATCTACTCAAAGTCAA
lum,ATCTACTTCCGTTGTC
lum,ATCTGCCAGTATCTCG
lum,ATCTGCCGTTTAGGAA
lum,ATCTGCCTCTATCCTA
lum,ATGAGGGTCGTACGGC
lum,ATGGGAGAGGGCATGT
lum,ATTATCCAGTGTACCT
lum,ATTCTACCAGCTCCGA
lum,ATTGGACTCCGCATAA
lum,ATTGGTGGTGAAGGCT
lum,ATTGGTGTCGGAGGTA
lum,ATTGGTGTCGGTCTAA
lum,CAACCAAAGTACGTAA
lum,CAACCAACAATGGACG
lum,CAACCTCCACCGGAAA
lum,CAAGAAACACGGCTAC
lum,CAAGAAAGTCTTCTCG
lum,CAAGATCTCAGTTTGG
lum,CAAGGCCCAGTCACTA
lum,CAAGTTGAGACATAAC
lum,CAAGTTGTCATCGGAT
lum,CACAAACTCTAACCGA
lum,CACACCTAGCGTCTAT
lum,CACACTCGTCAACTGT
lum,CACACTCGTCTCAACA
lum,CACACTCGTGCGAAAC
lum,CACAGTATCTCGAGTA
lum,CACATAGGTCATATGC
lum,CACCTTGAGGCTCTTA
lum,CACCTTGCACCGTTGG
lum,CACTCCATCCTCAACC
lum,CAGAGAGGTCTGGTCG
lum,CAGATCAGTAGGCTGA
lum,CAGATCATCTTGCCGT
lum,CAGCAGCAGCCTCGTG
lum,CAGCATAAGCCACGCT
lum,CAGCCGAAGTCACGCC
lum,CAGCCGACATCCTTGC
lum,CAGCCGAGTTAGTGGG
lum,CAGCGACAGTGAAGTT
lum,CAGCTAAAGGCACATG
lum,CAGGTGCTCTGACCTC
lum,CAGTAACCACTCAGGC
lum,CAGTAACCATGGGAAC
lum,CAGTAACGTCAGGACA
lum,CAGTCCTTCTTGAGGT
lum,CATCAAGCAACACGCC
lum,CATGCCTCAAGACGTG
lum,CATTCGCAGCTACCTA
lum,CCAATCCAGGTCATCT
lum,CCAATCCGTTGTGGCC
lum,CCACGGAGTGCATCTA
lum,CCACGGATCGGAGGTA
lum,CCAGCGATCCAGAAGG
lum,CCATGTCAGACAATAC
lum,CCATTCGAGTGTACGG
lum,CCCAATCTCAGCAACT
lum,CCGGGATCAGAGTGTG
lum,CCGGTAGAGGCAAAGA
lum,CCGGTAGAGTGTACCT
lum,CCGGTAGCAAGTTAAG
lum,CCGGTAGGTCACTTCC
lum,CCGGTAGGTTCCCTTG
lum,CCGTACTCATACTACG
lum,CCGTGGACAAATTGCC
lum,CCGTGGAGTACGCTGC
lum,CCTAAAGCATCGTCGG
lum,CCTACACGTCATCCCT
lum,CCTACCACATGCCACG
lum,CCTACCATCAAAGACA
lum,CCTAGCTCAGAGCCAA
lum,CCTATTAAGTTGCAGG
lum,CCTATTATCAGTACGT
lum,CCTCAGTAGACCTAGG
lum,CCTCAGTAGCTGAAAT
lum,CCTCTGAAGGGAAACA
lum,CCTCTGAGTGCGAAAC
lum,CCTCTGATCGCATGGC
lum,CCTTACGAGGATATAC
lum,CCTTACGCATGTAAGA
lum,CCTTCGATCTCGTATT
lum,CGAACATAGGAACTGC
lum,CGACCTTAGTGTTAGA
lum,CGACCTTCACCTATCC
lum,CGACCTTCAGGTGCCT
lum,CGACCTTTCGTTTAGG
lum,CGACCTTTCTGTCCGT
lum,CGACTTCCAAACTGCT
lum,CGACTTCGTCTCTTAT
lum,CGAGAAGAGGCCCTTG
lum,CGAGAAGAGTTAGCGG
lum,CGAGAAGGTCTGCCAG
lum,CGAGCACCATGACATC
lum,CGAGCCAGTTACTGAC
lum,CGATCGGAGGCGTACA
lum,CGATGTACATCCGCGA
lum,CGATGTAGTAAACACA
lum,CGATTGACATGGGACA
lum,CGATTGAGTCGGGTCT
lum,CGATTGAGTTAGGGTG
lum,CGCCAAGGTGGTAACG
lum,CGCGGTAAGGATCGCA
lum,CGCGGTAAGTATGACA
lum,CGCGTTTAGGTGTTAA
lum,CGCGTTTCAGGGAGAG
lum,CGCTGGACAAGGACAC
lum,CGCTGGATCCGAATGT
lum,CGCTTCAAGAGCCCAA
lum,CGCTTCAGTGTATGGG
lum,CGGACGTCACCCATGG
lum,CGGACTGAGGATTCGG
lum,CGGACTGCAGTTAACC
lum,CGGACTGTCGCTAGCG
lum,CGGAGCTTCGCCTGAG
lum,CGGAGTCGTGCAGTAG
lum,CGGCTAGAGATAGTCA
lum,CGGGTCAAGCTTATCG
lum,CGGTTAAAGCCATCGC
lum,CGTAGCGGTCACCCAG
lum,CGTCACTCATACCATG
lum,CGTCCATTCAATCACG
lum,CGTCCATTCACGATGT
lum,CGTCTACTCCGTCATC
lum,CGTGAGCAGCAGGTCA
lum,CGTTCTGCATGACATC
lum,CGTTCTGGTAAATGAC
lum,CGTTGGGGTAGGAGTC
lum,CTAAGACAGAGAACAG
lum,CTAAGACCATTACCTT
lum,CTAAGACCATTGCGGC
lum,CTAAGACTCCCTTGCA
lum,CTAATGGAGGAGTACC
lum,CTAATGGTCTGAGTGT
lum,CTACACCGTACACCGC
lum,CTAGCCTCAGATCCAT
lum,CTAGTGACATACGCCG
lum,CTCACACAGCCGGTAA
lum,CTCACACAGGTAGCCA
lum,CTCACACCATATGCTG
lum,CTCAGAAAGACTGGGT
lum,CTCAGAAAGCTGGAAC
lum,CTCAGAAGTCTAACGT
lum,CTCATTAGTCACACGC
lum,CTCATTATCGTACCGG
lum,CTCCTAGGTGTAATGA
lum,CTCGAGGAGCTAGTGG
lum,CTCGGAGAGAATAGGG
lum,CTCGGGAAGTGAAGAG
lum,CTCGGGATCGATGAGG
lum,CTCGTACAGTGTGAAT
lum,CTCGTACTCCTCCTAG
lum,CTCGTCACAATCGAAA
lum,CTCTAATCAAACAACA
lum,CTCTACGTCTTGAGGT
lum,CTCTGGTGTTAAGTAG
lum,CTGAAACCATGCCTAA
lum,CTGAAACGTCGCATCG
lum,CTGAAGTCACTTAACG
lum,CTGAAGTCATGACATC
lum,CTGATAGCATTAGCCA
lum,CTGATCCGTATATGGA
lum,CTGCCTAGTGGTCCGT
lum,CTGTGCTTCAGTGCAT
lum,CTGTTTAAGGTGGGTT
lum,CTGTTTATCAATCTCT
lum,CTTACCGAGAGTAATC
lum,CTTACCGAGCTGAACG
lum,CTTAGGATCGGCTACG
lum,CTTCTCTCACAGCGTC
lum,CTTGGCTAGTCCGTAT
lum,CTTTGCGGTAAGCACG
lum,GAAACTCAGGTGCTTT
lum,GAACCTAGTAGCACGA
lum,GAACCTAGTCACTTCC
lum,GAACCTAGTTGGTGGA
lum,GAACGGACACCGAAAG
lum,GAACGGAGTACCAGTT
lum,GAACGGAGTCTAAAGA
lum,GAACGGATCGTTACGA
lum,GAATAAGAGACTGGGT
lum,GAATAAGAGAGCTTCT
lum,GAATAAGCAAGTCATC
lum,GACACGCGTTCCGGCA
lum,GACCAATAGATCCCAT
lum,GACCAATCACTCAGGC
lum,GACCTGGAGTTACCCA
lum,GACGCGTAGCATGGCA
lum,GACGCGTCACCCATGG
lum,GACGTGCAGTATCTCG
lum,GACGTTATCCGTCAAA
lum,GACTAACCAGCGTTCG
lum,GACTAACTCATGGTCA
lum,GACTACATCTCAAGTG
lum,GACTGCGAGTACGACG
lum,GACTGCGGTCCTAGCG
lum,GAGCAGACAATGGATA
lum,GAGCAGATCTTGGGTA
lum,GATCAGTGTTGGGACA
lum,GATCAGTTCCGAATGT
lum,GATCGCGCACTGTGTA
lum,GATCGCGCATGGTCAT
lum,GATCGCGGTGTCAATC
lum,GATCGTAAGGAGTAGA
lum,GATCGTACAATAGCAA
lum,GATCTAGCATGCTAGT
lum,GATGAAAGTATATCCG
lum,GATGAGGAGATCCCGC
lum,GATTCAGAGACCTTTG
lum,GCAAACTAGAGTAAGG
lum,GCAAACTTCAAACCGT
lum,GCAATCAAGTCATCCA
lum,GCACTCTAGCACGCCT
lum,GCACTCTTCGTAGGTT
lum,GCAGTTACACGAAAGC
lum,GCAGTTACAGACACTT
lum,GCAGTTAGTCTGCCAG
lum,GCATACACACCACGTG
lum,GCATGATAGAAGGTGA
lum,GCATGCGAGGGAAACA
lum,GCATGTAGTAAACACA
lum,GCATGTAGTAGGGACT
lum,GCATGTAGTTCGAATC
lum,GCATGTATCTGAGGGA
lum,GCCAAATCAGCAGTTT
lum,GCCAAATCATGTTGAC
lum,GCGCAACAGCCCGAAA
lum,GCGCAACGTAGGCTGA
lum,GCGCAGTCAAAGTCAA
lum,GCGCAGTTCTTACCGC
lum,GCGCCAACATTGTGCA
lum,GCGCCAAGTGTGACGA
lum,GCGCCAAGTTCCAACA
lum,GCGCCAATCTTGCATT
lum,GCGGGTTCAATAGAGT
lum,GCTCCTAAGAAACCTA
lum,GCTCCTAAGATGCCAG
lum,GCTCCTAAGTCATGCT
lum,GCTGCTTAGGCATTGG
lum,GCTGCTTCAATCCAAC
lum,GCTGCTTCAGTAAGCG
lum,GCTGCTTGTCTAGTCA
lum,GCTTCCACACTGCCAG
lum,GCTTCCAGTCTGATTG
lum,GCTTCCATCTTGCCGT
lum,GCTTGAAGTGACGGTA
lum,GGAACTTTCGAACGGA
lum,GGAATAACAAGTTAAG
lum,GGACAAGAGAATGTGT
lum,GGACAGAAGGACGAAA
lum,GGACATTGTCCCTACT
lum,GGACGTCCAGTCAGAG
lum,GGAGCAACAAGTCTGT
lum,GGAGCAATCTGTCAAG
lum,GGATTACAGAATTGTG
lum,GGATTACCACTGTTAG
lum,GGCAATTAGTGCGATG
lum,GGCAATTCAACTTGAC
lum,GGCAATTGTGCAGTAG
lum,GGCGACTAGATCTGCT
lum,GGCGACTTCATAGCAC
lum,GGCGTGTGTGGTCTCG
lum,GGGAATGAGGGTATCG
lum,GGGACCTAGCGATCCC
lum,GGGACCTAGTACGTAA
lum,GGGAGATTCATCATTC
lum,GGGAGATTCCTTGCCA
lum,GGGCATCTCGGTGTCG
lum,GGGTCTGTCAGTGCAT
lum,GGGTTGCAGTTTCCTT
lum,GGTATTGCAATTCCTT
lum,GGTGAAGGTACTCTCC
lum,GGTGAAGGTCTTGATG
lum,GGTGCGTTCAGCAACT
lum,GTAACGTGTCGGGTCT
lum,GTAACGTTCCGAGCCA
lum,GTAACGTTCCGTCAAA
lum,GTACGTACAGTATAAG
lum,GTACTCCAGGAATCGC
lum,GTACTTTAGAGCCTAG
lum,GTACTTTAGTACGACG
lum,GTACTTTGTTGTGGAG
lum,GTAGTCACACATTTCT
lum,GTATCTTAGTAATCCC
lum,GTATTCTAGACTTGAA
lum,GTCACGGCATTAGGCT
lum,GTCATTTAGGGTGTTG
lum,GTCATTTGTTCGAATC
lum,GTCCTCACACTTCTGC
lum,GTCCTCACATACAGCT
lum,GTCCTCATCAGATAAG
lum,GTCGGGTAGTGACTCT
lum,GTCGTAACATGATCCA
lum,GTCGTAATCAGCACAT
lum,GTCTTCGGTGGCTCCA
lum,GTGCAGCCATACTCTT
lum,GTGCGGTGTGCCTGGT
lum,GTGCTTCGTCAATACC
lum,GTGCTTCGTGCAGGTA
lum,GTGCTTCTCCAAACAC
lum,GTGGGTCGTATCAGTC
lum,GTGTGCGGTAAGGATT
lum,GTGTTAGCAAACCCAT
lum,GTTAAGCCACAGAGGT
lum,GTTCATTTCCAGGGCT
lum,GTTCATTTCTACTATC
lum,GTTCGGGAGCCCAACC
lum,GTTCGGGTCTGCAAGT
lum,GTTCTCGGTCGCATAT
lum,GTTTCTAAGAGTACAT
lum,TAAACCGCACTAGTAC
lum,TAAGAGATCCATTCTA
lum,TAAGCGTTCGCGATCG
lum,TAAGTGCAGCCCAACC
lum,TAAGTGCCACCCTATC
lum,TAAGTGCCAGTCTTCC
lum,TAAGTGCTCCATTCTA
lum,TACCTTACAGGGATTG
lum,TACCTTAGTCTCTTAT
lum,TACCTTAGTTCTCATT
lum,TACGGGCAGTATCTCG
lum,TACTCATAGAACAATC
lum,TACTCATGTCTAAACC
lum,TACTCGCTCGTATCAG
lum,TACTTACTCGTGACAT
lum,TAGGCATAGCCAGAAC
lum,TAGTGGTGTAATCGTC
lum,TAGTGGTTCAACGGCC
lum,TAGTTGGGTTTCCACC
lum,TATCTCATCAGGCCCA
lum,TATGCCCAGTAGTGCG
lum,TATGCCCCATCCAACA
lum,TATGCCCGTTATTCTC
lum,TATTACCCAGTGAGTG
lum,TCAACGAAGCCACCTG
lum,TCAACGAAGTCACGCC
lum,TCAATCTTCCTAAGTG
lum,TCACAAGTCCGCATCT
lum,TCACGAAAGTGGGCTA
lum,TCACGAACAGACACTT
lum,TCACGAACATTCTTAC
lum,TCAGATGCAAGTCTAC
lum,TCAGCAAAGCCAACAG
lum,TCAGCAACAACGATCT
lum,TCAGCAAGTACGACCC
lum,TCAGGATCACACAGAG
lum,TCAGGATTCACGACTA
lum,TCAGGTAAGGTGACCA
lum,TCATTACGTACCAGTT
lum,TCATTTGCAAGTCTGT
lum,TCATTTGGTTCCCGAG
lum,TCCACACAGCAGGCTA
lum,TCCACACCACCAGTTA
lum,TCCACACGTTGTTTGG
lum,TCCCGATCATAAAGGT
lum,TCCCGATTCATTGCGA
lum,TCGAGGCAGACGCTTT
lum,TCGGGACCACAACTGT
lum,TCGGGACCACCTATCC
lum,TCGGGACGTGTCTGAT
lum,TCGTAGAAGTCGTACT
lum,TCTGAGATCCTCGCAT
lum,TGACAACGTGTCTGAT
lum,TGACAACTCCCAACGG
lum,TGACGGCCAAGGACTG
lum,TGACGGCGTATTACCG
lum,TGACTTTAGACTAAGT
lum,TGACTTTAGAGGGATA
lum,TGACTTTAGATGCCAG
lum,TGACTTTGTAGCGCAA
lum,TGACTTTTCCGGGTGT
lum,TGAGAGGCAAAGCAAT
lum,TGAGAGGCATCTGGTA
lum,TGAGCATGTCATCCCT
lum,TGAGCCGCAGATAATG
lum,TGAGGGAAGGAGTTTA
lum,TGATTTCGTAGGCTGA
lum,TGCACCTTCTTTAGTC
lum,TGCCAAAGTCTGATTG
lum,TGCCAAATCTATCCTA
lum,TGCCCATAGGCTCAGA
lum,TGCCCATGTTAAAGTG
lum,TGCCCTAAGAATTGTG
lum,TGCCCTAAGATCCGAG
lum,TGCCCTACATTACCTT
lum,TGCGGGTTCCTTGCCA
lum,TGCGTGGAGAGTGAGA
lum,TGCGTGGCATCTGGTA
lum,TGCGTGGGTAAGAGAG
lum,TGGACGCGTGGGTATG
lum,TGGGCGTAGGGTGTTG
lum,TGGTTAGCACTCAGGC
lum,TGTATTCAGTGATCGG
lum,TGTCCCATCTGCAAGT
lum,TGTGGTAGTCAATGTC
lum,TGTGTTTAGATGAGAG
lum,TGTGTTTCACTAAGTC
lum,TGTGTTTTCAGAAATG
lum,TTAGGACTCCAAATGC
lum,TTAGGCATCGCCTGTT
lum,TTATGCTTCACATAGC
lum,TTCCCAGCACGGCGTT
lum,TTCGAAGCATCGTCGG
lum,TTCGAAGTCTAGCACA
lum,TTCGGTCAGTCGTACT
lum,TTCGGTCTCACAAACC
lum,TTCGGTCTCAGTGTTG
lum,TTCTCCTAGCTGTCTA
lum,TTCTCCTCAATGGACG
lum,TTCTCCTGTAGCGTCC
lum,TTGACTTAGAGACGAA
lum,TTGCCGTAGCCACGCT
lum,TTGCGTCGTCACCTAA
lum,TTGGAACAGAGTCGGT
lum,TTGTAGGCAAGGACTG
lum,TTTATGCAGTCCTCCT
lum,TTTATGCCAATGAATG
lum,TTTATGCCATACGCTA
lum,TTTCCTCCATACAGCT
lum,TTTCCTCGTTCCAACA
lum,TTTGCGCAGTTCGATC
lum,TTTGCGCCATGTCTCC
basal,AAACCTGAGAATAGGG
basal,AAACCTGAGGGTATCG
basal,AAACCTGCATTCTTAC
basal,AAACCTGGTCCGCTGA
basal,AAACCTGTCCAGTATG
basal,AAACGGGAGGAGCGAG
basal,AAACGGGAGGTTCCTA
basal,AAACGGGCAGGCTCAC
basal,AAACGGGGTGCGGTAA
basal,AAACGGGGTGTGGCTC
basal,AAACGGGGTTCACGGC
basal,AAACGGGTCCGCATCT
basal,AAACGGGTCTTGAGGT
basal,AAAGATGAGTGACATA
basal,AAAGATGGTCTTGTCC
basal,AAAGATGGTTCTGTTT
basal,AAAGATGGTTGAACTC
basal,AAAGATGGTTTGTTTC
basal,AAAGATGTCACAATGC
basal,AAAGCAAAGCGGATCA
basal,AAAGCAAAGGCATGGT
basal,AAAGCAACAATGTTGC
basal,AAAGCAAGTAAGAGAG
basal,AAAGCAAGTGATGTGG
basal,AAAGTAGCATTGGTAC
basal,AAAGTAGGTAACGACG
basal,AAATGCCGTCTTGTCC
basal,AAATGCCGTGCAGACA
basal,AAATGCCGTGCCTGCA
basal,AAATGCCTCCACGAAT
basal,AAATGCCTCTTGCATT
basal,AACACGTAGAACAACT
basal,AACACGTGTAGCGTAG
basal,AACCATGAGGCGACAT
basal,AACCATGAGTGTACGG
basal,AACCATGCACCATGTA
basal,AACCATGGTCTAAACC
basal,AACCATGTCCTTGGTC
basal,AACCGCGCACTAGTAC
basal,AACCGCGTCTTCAACT
basal,AACGTTGCAAGAGTCG
basal,AACGTTGGTCGATTGT
basal,AACGTTGTCAGATAAG
basal,AACTCAGAGCCATCGC
basal,AACTCAGAGTAGGCCA
basal,AACTCAGCAGAGCCAA
basal,AACTCAGCAGTAAGCG
basal,AACTCAGCAGTTTACG
basal,AACTCAGGTCTTGTCC
basal,AACTCAGGTTCCGTCT
basal,AACTCAGGTTGCTCCT
basal,AACTCAGTCGGAAATA
basal,AACTCCCCAGACAGGT
basal,AACTCCCCAGTCGTGC
basal,AACTCCCGTCTACCTC
basal,AACTCTTCATGCATGT
basal,AACTCTTCATGTTGAC
basal,AACTGGTCAGCCTATA
basal,AACTGGTCATCAGTAC
basal,AACTGGTGTCTGGTCG
basal,AACTGGTGTTGATTGC
basal,AACTGGTTCTTGCAAG
basal,AACTTTCCATACGCCG
basal,AACTTTCTCTTGACGA
basal,AAGACCTAGCTGTTCA
basal,AAGACCTCAAGCCGCT
basal,AAGACCTTCCACGACG
basal,AAGCCGCAGAAACGCC
basal,AAGCCGCAGCAGCCTC
basal,AAGCCGCAGCCCAGCT
basal,AAGCCGCGTGCGGTAA
basal,AAGCCGCTCCCTTGTG
basal,AAGCCGCTCGTAGGAG
basal,AAGCCGCTCTTGACGA
basal,AAGGAGCCACGGACAA
basal,AAGGAGCCAGTCGATT
basal,AAGGAGCCATATGCTG
basal,AAGGAGCGTCTCTCGT
basal,AAGGAGCGTTTCCACC
basal,AAGGCAGAGTGACTCT
basal,AAGGCAGGTTCCGGCA
basal,AAGGCAGTCAAACCAC
basal,AAGGCAGTCGCGTAGC
basal,AAGGTTCCATACTCTT
basal,AAGTCTGCACGAAGCA
basal,AAGTCTGGTAGCGTCC
basal,AAGTCTGGTGAACCTT
basal,AATCCAGGTTACAGAA
basal,AATCCAGTCAGGATCT
basal,AATCGGTAGTCATGCT
basal,AATCGGTAGTTGTAGA
basal,AATCGGTCAAGCGCTC
basal,AATCGGTGTATAATGG
basal,AATCGGTTCAGGCCCA
basal,ACACCAACAGCCTGTG
basal,ACACCAAGTACGCTGC
basal,ACACCAATCCGCATAA
basal,ACACCAATCCTCAATT
basal,ACACCAATCGGTCCGA
basal,ACACCAATCTGCCAGG
basal,ACACCCTAGGCTCAGA
basal,ACACCCTCAAGCCGTC
basal,ACACCCTCACGACTCG
basal,ACACCCTCAGGCTCAC
basal,ACACCCTCATATACGC
basal,ACACCCTCATGAACCT
basal,ACACCCTTCTGTTGAG
basal,ACACCGGAGGTGCACA
basal,ACACCGGGTCAGGACA
basal,ACACCGGTCAGGCCCA
basal,ACACTGAAGCTAGTGG
basal,ACACTGAAGCTGAACG
basal,ACACTGAAGTGTGAAT
basal,ACACTGACAGGCAGTA
basal,ACACTGAGTTAAGACA
basal,ACACTGAGTTCTCATT
basal,ACAGCCGAGCTAGTCT
basal,ACAGCCGAGGTGTTAA
basal,ACAGCCGCAAGTTCTG
basal,ACAGCCGCAGCTCGCA
basal,ACAGCCGTCAGGCGAA
basal,ACAGCCGTCTGCGTAA
basal,ACAGCCGTCTGTCTAT
basal,ACAGCTAAGATCCCGC
basal,ACAGCTACACAACGTT
basal,ACAGCTACACAGGAGT
basal,ACAGCTACAGGCTCAC
basal,ACAGCTACATGCATGT
basal,ACAGCTAGTAGCTAAA
basal,ACATACGCAATAGCAA
basal,ACATACGCACTGCCAG
basal,ACATACGCAGCATACT
basal,ACATACGGTCATACTG
basal,ACATCAGAGATCTGAA
basal,ACATCAGGTCCATCCT
basal,ACATCAGTCCATGAGT
basal,ACATCAGTCCGCTGTT
basal,ACATCAGTCTGAAAGA
basal,ACATGGTAGATAGCAT
basal,ACATGGTCAAAGAATC
basal,ACCAGTACACAGGAGT
basal,ACCAGTAGTAATCACC
basal,ACCAGTAGTGATGATA
basal,ACCAGTATCAATAAGG
basal,ACCCACTAGGGATGGG
basal,ACCCACTCAATCCAAC
basal,ACCCACTGTCGGATCC
basal,ACCCACTTCCGCAGTG
basal,ACCCACTTCCTTGACC
basal,ACCGTAAAGACATAAC
basal,ACCGTAAAGTTCGCAT
basal,ACCGTAACACGCATCG
basal,ACCGTAAGTCCAAGTT
basal,ACCGTAATCATACGGT
basal,ACCTTTACAAGGACAC
basal,ACCTTTATCCCTAATT
basal,ACGAGCCAGATACACA
basal,ACGAGCCAGTGTCTCA
basal,ACGAGCCTCGCCTGTT
basal,ACGAGGAAGATCTGCT
basal,ACGAGGAGTCGCATAT
basal,ACGAGGAGTCGCGTGT
basal,ACGAGGATCCTATTCA
basal,ACGATACAGTATCGAA
basal,ACGATACTCGTCTGCT
basal,ACGATACTCTACTTAC
basal,ACGATACTCTTTACGT
basal,ACGATGTAGTACGTAA
basal,ACGATGTCAGCAGTTT
basal,ACGATGTGTAGCGTAG
basal,ACGATGTTCTCTGCTG
basal,ACGCAGCAGTAGCCGA
basal,ACGCAGCTCGGCCGAT
basal,ACGCAGCTCTCGAGTA
basal,ACGCCAGAGAAGATTC
basal,ACGCCAGAGGAGTTGC
basal,ACGCCAGTCAATCTCT
basal,ACGCCAGTCGTGACAT
basal,ACGCCAGTCTGCTGCT
basal,ACGCCAGTCTTGAGGT
basal,ACGCCAGTCTTGTACT
basal,ACGCCGACATCCTTGC
basal,ACGCCGAGTCGCATAT
basal,ACGCCGAGTGCAACTT
basal,ACGCCGATCATTGCGA
basal,ACGGAGACATGGATGG
basal,ACGGAGACATGGGAAC
basal,ACGGAGATCCAGATCA
basal,ACGGCCAAGGTGCTTT
basal,ACGGCCAGTTTAGGAA
basal,ACGGCCATCCGCAAGC
basal,ACGGGCTAGCGTGTCC
basal,ACGGGCTGTTACGTCA
basal,ACGGGCTGTTGACGTT
basal,ACGGGCTTCCGGGTGT
basal,ACGGGTCAGGGCATGT
basal,ACGGGTCAGTACGCGA
basal,ACGGGTCCACAACTGT
basal,ACGGGTCCAGCTGCAC
basal,ACGGGTCGTGTGAATA
basal,ACGGGTCTCAGATAAG
basal,ACGGGTCTCGGTCCGA
basal,ACGGGTCTCGTCCGTT
basal,ACGTCAACACCACGTG
basal,ACTATCTAGACAGACC
basal,ACTATCTGTAGTAGTA
basal,ACTATCTGTGCACGAA
basal,ACTATCTTCCTCAACC
basal,ACTGAACAGAATGTGT
basal,ACTGAACGTAAGCACG
basal,ACTGAACGTGTGCCTG
basal,ACTGAACTCGCAAACT
basal,ACTGAGTAGCGGCTTC
basal,ACTGAGTAGCTGATAA
basal,ACTGAGTTCACTTATC
basal,ACTGAGTTCCATTCTA
basal,ACTGATGAGACGCAAC
basal,ACTGATGGTTGCTCCT
basal,ACTGATGGTTTGCATG
basal,ACTGATGTCGTCCGTT
basal,ACTGATGTCTTGCCGT
basal,ACTGCTCCAATCCGAT
basal,ACTGCTCGTGCTCTTC
basal,ACTGCTCTCCGAACGC
basal,ACTGTCCAGTATCGAA
basal,ACTGTCCTCAACGCTA
basal,ACTGTCCTCAGAGACG
basal,ACTTACTAGGGATACC
basal,ACTTACTGTTCAGGCC
basal,ACTTGTTAGGAGTACC
basal,ACTTTCAAGACTGTAA
basal,ACTTTCAGTCCCTTGT
basal,ACTTTCAGTGGTCCGT
basal,ACTTTCAGTTGTTTGG
basal,ACTTTCATCGCCAAAT
basal,ACTTTCATCTTAGCCC
basal,AGAATAGAGACAGGCT
basal,AGAATAGTCGACCAGC
basal,AGAATAGTCTTTCCTC
basal,AGACGTTCACAACTGT
basal,AGACGTTCAGATCGGA
basal,AGACGTTCATGAAGTA
basal,AGAGCGAAGGTGATAT
basal,AGAGCGACAAACGCGA
basal,AGAGCGACAGCTCCGA
basal,AGAGCGATCCAGTAGT
basal,AGAGCGATCTTACCTA
basal,AGAGCTTAGCGTAATA
basal,AGAGCTTCAAGCTGAG
basal,AGAGCTTTCCGGGTGT
basal,AGAGTGGCAACGATCT
basal,AGAGTGGCAACTGCTA
basal,AGAGTGGCACTGCCAG
basal,AGATCTGAGCGATGAC
basal,AGATCTGAGTCTCAAC
basal,AGATCTGCAAGCTGGA
basal,AGATCTGCATCACGTA
basal,AGATCTGTCCCTCTTT
basal,AGATCTGTCGCTTGTC
basal,AGATTGCAGGAATGGA
basal,AGATTGCAGGTAGCTG
basal,AGATTGCAGGTGTTAA
basal,AGATTGCAGTTCGATC
basal,AGATTGCAGTTTCCTT
basal,AGATTGCCACGAAGCA
basal,AGATTGCCATAGTAAG
basal,AGATTGCGTGAGGCTA
basal,AGATTGCTCTCATTCA
basal,AGCAGCCAGCGCCTCA
basal,AGCAGCCAGTGGTAGC
basal,AGCAGCCCAACACCTA
basal,AGCATACCAAGACACG
basal,AGCATACCAATCCAAC
basal,AGCATACGTAGAGTGC
basal,AGCATACGTCTTCAAG
basal,AGCATACTCACATGCA
basal,AGCATACTCGTCACGG
basal,AGCATACTCGTCGTTC
basal,AGCATACTCTGCGGCA
basal,AGCCTAAAGCTCTCGG
basal,AGCCTAAAGGGAACGG
basal,AGCCTAAAGTCCAGGA
basal,AGCCTAACAGCAGTTT
basal,AGCCTAATCATGTAGC
basal,AGCGGTCAGATGCCTT
basal,AGCGGTCCAGGTCTCG
basal,AGCGGTCCATCCGCGA
basal,AGCGTATCAATGTTGC
basal,AGCGTATCACCGAAAG
basal,AGCGTATGTCTGCGGT
basal,AGCGTATTCGCAAGCC
basal,AGCGTATTCTAACGGT
basal,AGCGTCGCAATAAGCA
basal,AGCGTCGGTGTGTGCC
basal,AGCGTCGGTTCTGAAC
basal,AGCTCCTCAAGAAGAG
basal,AGCTCCTGTGAGGCTA
basal,AGCTCTCCAGACTCGC
basal,AGCTCTCCAGGCTGAA
basal,AGCTCTCCATTAGCCA
basal,AGCTTGACAAGTTGTC
basal,AGCTTGACAATGGATA
basal,AGCTTGACACCGCTAG
basal,AGCTTGAGTAAGCACG
basal,AGCTTGAGTGGTGTAG
basal,AGCTTGAGTGTAACGG
basal,AGCTTGATCACCATAG
basal,AGGCCACAGCTTCGCG
basal,AGGCCACCAGCCTATA
basal,AGGCCACGTAGAGGAA
basal,AGGCCACTCGTACCGG
basal,AGGCCGTAGACTAGAT
basal,AGGCCGTAGCTATGCT
basal,AGGCCGTTCATAGCAC
basal,AGGCCGTTCGCCAGCA
basal,AGGGAGTCACCCATTC
basal,AGGGAGTGTCGCATAT
basal,AGGGAGTGTTGTACAC
basal,AGGGAGTTCAGGCAAG
basal,AGGGATGAGCACCGTC
basal,AGGGATGCACCAACCG
basal,AGGGATGGTTAGTGGG
basal,AGGGTGACACCAGCAC
basal,AGGGTGACATACGCTA
basal,AGGGTGAGTAAGTGTA
basal,AGGGTGATCCGGCACA
basal,AGGGTGATCCTCGCAT
basal,AGGGTGATCGTTGACA
basal,AGGGTGATCTCGGACG
basal,AGGTCATCAAGGACAC
basal,AGGTCATCAATTGCTG
basal,AGGTCATCACAGCCCA
basal,AGGTCATCAGTAACGG
basal,AGGTCCGAGATAGGAG
basal,AGGTCCGAGTCAATAG
basal,AGGTCCGGTGCATCTA
basal,AGTAGTCAGCTAGTGG
basal,AGTAGTCGTGATGATA
basal,AGTAGTCGTGTCAATC
basal,AGTCTTTCAATGTAAG
basal,AGTCTTTCAGCTGCTG
basal,AGTCTTTGTGCTAGCC
basal,AGTCTTTTCCACGAAT
basal,AGTGAGGCAAAGCGGT
basal,AGTGAGGTCACCTCGT
basal,AGTGGGAAGCGCTCCA
basal,AGTGGGAAGGAGCGAG
basal,AGTGGGACAATGTAAG
basal,AGTGTCAGTCATATGC
basal,AGTGTCAGTTATGCGT
basal,AGTGTCAGTTCGTTGA
basal,AGTTGGTAGAAACGCC
basal,AGTTGGTAGACTCGGA
basal,AGTTGGTAGAGCTGCA
basal,AGTTGGTCATTCCTCG
basal,AGTTGGTTCAGCGACC
basal,AGTTGGTTCTATCCCG
basal,ATAACGCCAGGATCGA
basal,ATAACGCCATCGTCGG
basal,ATAACGCGTGTCCTCT
basal,ATAACGCGTTCAGTAC
basal,ATAAGAGAGAATTCCC
basal,ATAAGAGGTCAGCTAT
basal,ATAAGAGTCTCTTATG
basal,ATAGACCAGATCTGCT
basal,ATAGACCCACCTCGGA
basal,ATAGACCGTCTAGAGG
basal,ATAGACCTCCGAACGC
basal,ATCACGAAGGTAGCTG
basal,ATCACGAAGTGTTGAA
basal,ATCACGAGTACTTAGC
basal,ATCACGATCGCGCCAA
basal,ATCATCTCAGCCTTTC
basal,ATCATCTTCAACACTG
basal,ATCATGGCAGTCGTGC
basal,ATCATGGCATCTGGTA
basal,ATCCACCAGATGTTAG
basal,ATCCACCAGGATGCGT
basal,ATCCACCAGTGCGATG
basal,ATCCACCGTCTGGTCG
basal,ATCCACCTCCAAATGC
basal,ATCCACCTCGCAGGCT
basal,ATCCGAATCACCTTAT
basal,ATCGAGTCAATACGCT
basal,ATCGAGTCATCCCATC
basal,ATCGAGTTCACCTCGT
basal,ATCGAGTTCTGCTTGC
basal,ATCTACTCATGCTAGT
basal,ATCTACTTCCCGACTT
basal,ATCTGCCCAAGTCTAC
basal,ATCTGCCCAGGCAGTA
basal,ATCTGCCGTCTTTCAT
basal,ATCTGCCTCAGGTAAA
basal,ATCTGCCTCGTCCGTT
basal,ATCTGCCTCGTGGACC
basal,ATGAGGGAGATTACCC
basal,ATGAGGGCAAAGAATC
basal,ATGAGGGCACGCTTTC
basal,ATGAGGGGTTTAGGAA
basal,ATGCGATGTCATCGGC
basal,ATGCGATTCGGCTTGG
basal,ATGGGAGAGCGAAGGG
basal,ATGTGTGCAGACAGGT
basal,ATGTGTGCAGCGTAAG
basal,ATGTGTGCATCTCGCT
basal,ATGTGTGTCGGAAACG
basal,ATTACTCGTCATGCCG
basal,ATTACTCGTTACCAGT
basal,ATTACTCGTTCAGTAC
basal,ATTACTCTCATAAAGG
basal,ATTACTCTCTCACATT
basal,ATTACTCTCTGGTTCC
basal,ATTATCCAGTACGATA
basal,ATTATCCAGTTCGCGC
basal,ATTATCCCAATCCGAT
basal,ATTATCCCAGACGTAG
basal,ATTATCCCAGAGCCAA
basal,ATTATCCGTACCAGTT
basal,ATTATCCGTCACAAGG
basal,ATTATCCGTCTGCGGT
basal,ATTCTACAGAGATGAG
basal,ATTCTACGTGAGGCTA
basal,ATTCTACTCACATGCA
basal,ATTCTACTCTGTCAAG
basal,ATTGGACAGCTGATAA
basal,ATTGGACCATCTACGA
basal,ATTGGACGTGCTCTTC
basal,ATTGGACTCCAAATGC
basal,ATTGGACTCGTTTGCC
basal,ATTGGTGAGCTGTTCA
basal,ATTGGTGAGGGATACC
basal,ATTGGTGAGTAATCCC
basal,ATTGGTGAGTACGTTC
basal,ATTGGTGCACTTAACG
basal,ATTTCTGAGAGGGATA
basal,ATTTCTGTCGACGGAA
basal,CAACCAAGTGACCAAG
basal,CAACCTCCAGCTCGAC
basal,CAACCTCCATCACAAC
basal,CAACCTCGTACTCAAC
basal,CAACCTCGTCCGTTAA
basal,CAACCTCGTTTGTTGG
basal,CAACTAGCAAGTTAAG
basal,CAACTAGCATAACCTG
basal,CAACTAGTCTACCAGA
basal,CAAGAAACATTAGGCT
basal,CAAGAAAGTCATACTG
basal,CAAGAAAGTGAGCGAT
basal,CAAGAAATCTAACTTC
basal,CAAGATCCAAGTAGTA
basal,CAAGATCGTCAGGACA
basal,CAAGATCGTCTGGAGA
basal,CAAGATCGTGATAAAC
basal,CAAGATCTCGGAGGTA
basal,CAAGGCCCACGGCCAT
basal,CAAGGCCGTCTGATTG
basal,CAAGGCCTCGGTTCGG
basal,CAAGTTGAGGATGTAT
basal,CAAGTTGAGTTGTAGA
basal,CAAGTTGCAGCGTTCG
basal,CAAGTTGCATAAAGGT
basal,CAAGTTGGTCGGGTCT
basal,CAAGTTGTCTGGCGTG
basal,CACAAACAGAGGGATA
basal,CACAAACAGAGTAATC
basal,CACAAACCATTACGAC
basal,CACAAACGTAAGAGGA
basal,CACAAACGTCGAGTTT
basal,CACAAACTCAATACCG
basal,CACACAAAGTGCTGCC
basal,CACACCTAGCTAAGAT
basal,CACACCTAGTTTGCGT
basal,CACACTCAGCTTCGCG
basal,CACACTCGTCCTCTTG
basal,CACACTCGTTCGTTGA
basal,CACACTCTCCTGCAGG
basal,CACAGGCAGCCGATTT
basal,CACAGGCCAGCCACCA
basal,CACAGGCGTCATATGC
basal,CACAGGCGTTAAAGTG
basal,CACAGGCGTTACGTCA
basal,CACAGGCGTTGGGACA
basal,CACAGTAAGCTACCTA
basal,CACAGTACAGATGGCA
basal,CACAGTATCTACGAGT
basal,CACATAGAGCCCAGCT
basal,CACATAGCATAGACTC
basal,CACATAGGTCTGGTCG
basal,CACATTTAGTAATCCC
basal,CACATTTCACAGGAGT
basal,CACATTTGTAGCGCTC
basal,CACATTTTCCTGCTTG
basal,CACCACTAGAAGGTTT
basal,CACCACTCAAGACACG
basal,CACCACTCAATGTTGC
basal,CACCACTGTGCCTGTG
basal,CACCACTGTGGCCCTA
basal,CACCACTTCATCGCTC
basal,CACCAGGAGAGGTACC
basal,CACCAGGCAAGCGTAG
basal,CACCAGGCATTGGTAC
basal,CACCTTGCAAGACGTG
basal,CACCTTGCAGACAAAT
basal,CACCTTGCATAAGACA
basal,CACCTTGCATACCATG
basal,CACTCCACAAGCTGGA
basal,CACTCCAGTATAGTAG
basal,CACTCCAGTTAAGATG
basal,CACTCCATCCGTAGGC
basal,CACTCCATCGTTTAGG
basal,CAGAATCAGCTGGAAC
basal,CAGAATCAGTTATCGC
basal,CAGAATCCAAATACAG
basal,CAGAATCGTCTCTCGT
basal,CAGAATCTCATGTCCC
basal,CAGAATCTCGCAGGCT
basal,CAGAGAGCAAGTCATC
basal,CAGAGAGCATCGATGT
basal,CAGAGAGGTGGTAACG
basal,CAGAGAGTCACGCATA
basal,CAGCAGCAGGACCACA
basal,CAGCAGCAGTGTTAGA
basal,CAGCAGCTCCGAAGAG
basal,CAGCAGCTCGCATGAT
basal,CAGCAGCTCGTGGGAA
basal,CAGCATAAGGAGTCTG
basal,CAGCATACACCTCGTT
basal,CAGCATATCCAATGGT
basal,CAGCATATCCCACTTG
basal,CAGCATATCGAATCCA
basal,CAGCATATCGGTCCGA
basal,CAGCCGACATGGTAGG
basal,CAGCCGAGTCTAGCCG
basal,CAGCCGATCCGCTGTT
basal,CAGCGACCAGTACACT
basal,CAGCGACGTATAATGG
basal,CAGCGACGTCCAAGTT
basal,CAGCGACTCCACGTGG
basal,CAGCTAACATCCAACA
basal,CAGCTAAGTATGCTTG
basal,CAGCTGGCAAGCGATG
basal,CAGCTGGCACCGGAAA
basal,CAGGTGCCATCCAACA
basal,CAGGTGCGTCCCGACA
basal,CAGGTGCTCCCTGACT
basal,CAGTAACAGCTAAACA
basal,CAGTAACAGTGAAGAG
basal,CAGTAACGTTCAGACT
basal,CAGTCCTAGCGCTTAT
basal,CAGTCCTAGGAGTTTA
basal,CAGTCCTCAGTGAGTG
basal,CAGTCCTGTCTGGTCG
basal,CATATGGCAGGACGTA
basal,CATATTCGTCGCATCG
basal,CATATTCGTTGTCTTT
basal,CATATTCTCTACTCAT
basal,CATCAAGAGCGTAGTG
basal,CATCAAGGTGACTACT
basal,CATCAGAAGCGATATA
basal,CATCAGACACAGGCCT
basal,CATCAGAGTAAGTTCC
basal,CATCAGAGTCGAACAG
basal,CATCAGAGTCGATTGT
basal,CATCAGATCAACCAAC
basal,CATCAGATCACTTCAT
basal,CATCCACAGTGACATA
basal,CATCCACAGTTTAGGA
basal,CATCCACGTAACGACG
basal,CATCCACTCCAAACAC
basal,CATCGAAAGGCGATAC
basal,CATCGAAAGGCGCTCT
basal,CATCGAACAAGACACG
basal,CATCGGGAGCCCAATT
basal,CATCGGGAGGCCCGTT
basal,CATCGGGAGGGCTCTC
basal,CATCGGGCAGCTGCTG
basal,CATCGGGGTCTAGAGG
basal,CATCGGGGTGTGACCC
basal,CATCGGGGTTGACGTT
basal,CATCGGGTCCACGTGG
basal,CATCGGGTCTCGGACG
basal,CATCGGGTCTTGGGTA
basal,CATGACAAGAAGGACA
basal,CATGCCTAGGCAATTA
basal,CATGCCTCACCTCGTT
basal,CATGCCTTCCATGAAC
basal,CATGGCGGTCACTTCC
basal,CATGGCGGTCTCCACT
basal,CATGGCGTCAACGAAA
basal,CATTATCCACAGCCCA
basal,CATTATCTCAGGCGAA
basal,CATTATCTCGCTAGCG
basal,CATTCGCAGAAGGTTT
basal,CATTCGCAGACAAAGG
basal,CATTCGCGTAGCGCTC
basal,CATTCGCGTCGGCACT
basal,CATTCGCTCGCACTCT
basal,CCAATCCAGTGTACTC
basal,CCAATCCGTAATTGGA
basal,CCAATCCGTAGCGCTC
basal,CCACCTAAGCTAAACA
basal,CCACCTACAAATCCGT
basal,CCACCTATCAAGGCTT
basal,CCACCTATCCTAGAAC
basal,CCACCTATCGGCGCAT
basal,CCACCTATCTACTTAC
basal,CCACGGAAGCGTCAAG
basal,CCACGGAAGGGCTTGA
basal,CCACGGAGTACAGTGG
basal,CCACGGAGTCCAACTA
basal,CCACGGATCGAATCCA
basal,CCACTACAGAATTCCC
basal,CCACTACAGGCTACGA
basal,CCACTACCATCAGTCA
basal,CCACTACGTACATGTC
basal,CCACTACTCAGCTCTC
basal,CCACTACTCCTGTACC
basal,CCACTACTCGTGACAT
basal,CCACTACTCTCACATT
basal,CCAGCGAAGCCCGAAA
basal,CCAGCGAGTTTGACTG
basal,CCAGCGATCAAGCCTA
basal,CCAGCGATCTAACGGT
basal,CCAGCGATCTCGCATC
basal,CCATGTCAGCGTGTCC
basal,CCATGTCAGGCAGTCA
basal,CCATGTCAGTATCGAA
basal,CCATGTCTCATTGCGA
basal,CCATGTCTCCATGAAC
basal,CCATTCGAGGCTCATT
basal,CCATTCGCACAACTGT
basal,CCATTCGCAGATAATG
basal,CCATTCGCAGGAACGT
basal,CCATTCGGTACGCTGC
basal,CCATTCGGTCGCTTCT
basal,CCCAATCAGAGTGAGA
basal,CCCAATCAGGCCCGTT
basal,CCCAATCCAGCCTTGG
basal,CCCAATCCATCGATTG
basal,CCCAATCGTACTCAAC
basal,CCCAATCTCACTCTTA
basal,CCCAGTTAGAAACCGC
basal,CCCAGTTAGCAATATG
basal,CCCAGTTAGCGATCCC
basal,CCCAGTTCACGGACAA
basal,CCCAGTTCAGGTGGAT
basal,CCCAGTTGTAGCGATG
basal,CCCAGTTTCATGTAGC
basal,CCCATACAGACAATAC
basal,CCCATACAGGATGGAA
basal,CCCATACAGTCAATAG
basal,CCCATACTCTTGCCGT
basal,CCCTCCTAGCCCAATT
basal,CCCTCCTCAAAGCAAT
basal,CCCTCCTCAGGGAGAG
basal,CCCTCCTGTAGAGGAA
basal,CCCTCCTTCAACCAAC
basal,CCGGGATCAATTCCTT
basal,CCGGGATCACATGGGA
basal,CCGGGATTCTCACATT
basal,CCGGTAGAGGTGATTA
basal,CCGGTAGCATGTAAGA
basal,CCGGTAGTCGGTTAAC
basal,CCGTACTAGCTAGTTC
basal,CCGTACTAGGCTAGCA
basal,CCGTACTAGTATTGGA
basal,CCGTGGAAGCTGAAAT
basal,CCGTGGAGTGGTCTCG
basal,CCGTTCAGTCAAGCGA
basal,CCGTTCATCTGCGTAA
basal,CCTAAAGAGGCAAAGA
basal,CCTAAAGCACCCATTC
basal,CCTAAAGCATCCCACT
basal,CCTAAAGGTCAAAGCG
basal,CCTAAAGTCGTCTGAA
basal,CCTACACAGGATGGTC
basal,CCTACACAGGTGTTAA
basal,CCTACACGTAAGTTCC
basal,CCTACACGTCAGAGGT
basal,CCTACACGTCATGCCG
basal,CCTACACGTCGAATCT
basal,CCTACACTCCCTGACT
basal,CCTACCACATCGGAAG
basal,CCTACCAGTCAGGACA
basal,CCTAGCTCACATTAGC
basal,CCTATTAAGTGGGCTA
basal,CCTATTACATCCGCGA
basal,CCTATTAGTGATAAAC
basal,CCTATTAGTTGTGGCC
basal,CCTCAGTCAGGTCGTC
basal,CCTCAGTGTAGCTGCC
basal,CCTCAGTTCGGCGCTA
basal,CCTCAGTTCGTTGACA
basal,CCTCTGATCCTTTACA
basal,CCTCTGATCTTAACCT
basal,CCTTACGAGGCGTACA
basal,CCTTACGGTCCCTACT
basal,CCTTACGGTCTGCAAT
basal,CCTTACGGTGATAAGT
basal,CCTTACGGTTATCCGA
basal,CCTTACGGTTGCGTTA
basal,CCTTACGTCTCCAGGG
basal,CCTTCCCTCAGTACGT
basal,CCTTCCCTCTTTACGT
basal,CCTTCGACAAGCCTAT
basal,CCTTCGACATTGCGGC
basal,CCTTCGAGTTATCACG
basal,CCTTCGAGTTGAACTC
basal,CCTTCGATCAGTTCGA
basal,CCTTTCTAGCAGGCTA
basal,CGAACATAGCTCTCGG
basal,CGAACATAGTGGGATC
basal,CGAACATCATGGTTGT
basal,CGAACATGTTCCGTCT
basal,CGAACATTCTACTATC
basal,CGAACATTCTATCCTA
basal,CGAACATTCTCCAACC
basal,CGAATGTAGCAATCTC
basal,CGAATGTAGTACGATA
basal,CGAATGTCAAAGGCGT
basal,CGAATGTCAAGAGGCT
basal,CGAATGTCAGAGCCAA
basal,CGAATGTGTCTACCTC
basal,CGAATGTTCTCCTATA
basal,CGACCTTAGAGTCGGT
basal,CGACCTTAGCATGGCA
basal,CGACCTTCAATCTACG
basal,CGACCTTCAGGCTCAC
basal,CGACCTTGTAGCAAAT
basal,CGACCTTGTCTCTCTG
basal,CGACCTTTCTTGACGA
basal,CGACTTCAGACTGTAA
basal,CGACTTCGTAGCAAAT
basal,CGACTTCTCAATCACG
basal,CGACTTCTCCAAACTG
basal,CGAGAAGAGTGTACGG
basal,CGAGAAGAGTTACCCA
basal,CGAGAAGGTCGCGGTT
basal,CGAGAAGTCCGTAGGC
basal,CGAGAAGTCTATCCTA
basal,CGAGCACAGCGTGAGT
basal,CGAGCACTCAATACCG
basal,CGAGCCAAGTTCGCGC
basal,CGAGCCAGTAGAAGGA
basal,CGAGCCAGTCCATGAT
basal,CGAGCCATCATGCAAC
basal,CGATCGGAGTCATCCA
basal,CGATCGGGTACTCGCG
basal,CGATGGCAGACCCACC
basal,CGATGGCAGGTTACCT
basal,CGATGGCCAAGTTAAG
basal,CGATGGCCAGGATTGG
basal,CGATGGCGTTCCCTTG
basal,CGATGGCTCGTCTGCT
basal,CGATGTACACCAGGCT
basal,CGATGTACAGTGACAG
basal,CGATGTACATTGCGGC
basal,CGATGTATCGCCTGTT
basal,CGATTGACACCGAATT
basal,CGATTGACAGATGAGC
basal,CGATTGACAGGTGCCT
basal,CGATTGACATCACAAC
basal,CGATTGACATGATCCA
basal,CGATTGAGTGAAAGAG
basal,CGATTGATCGTCGTTC
basal,CGCCAAGAGACAATAC
basal,CGCCAAGAGCCCTAAT
basal,CGCCAAGAGGACAGCT
basal,CGCCAAGCACGTAAGG
basal,CGCCAAGTCGAGGTAG
basal,CGCGGTAGTCCCTACT
basal,CGCGGTAGTGCCTGTG
basal,CGCGGTATCAGCGATT
basal,CGCGGTATCAGGTAAA
basal,CGCGTTTGTCATCCCT
basal,CGCGTTTTCCGCAAGC
basal,CGCGTTTTCGCCGTGA
basal,CGCTATCGTATTCTCT
basal,CGCTATCGTCCGAACC
basal,CGCTGGAAGCATCATC
basal,CGCTGGACACATGTGT
basal,CGCTGGACAGGGATTG
basal,CGCTGGAGTATGCTTG
basal,CGCTGGAGTATTACCG
basal,CGCTTCAAGCTAAGAT
basal,CGCTTCACACCGAAAG
basal,CGCTTCAGTCGACTGC
basal,CGCTTCATCTATCCTA
basal,CGCTTCATCTTATCTG
basal,CGGACACAGATCGGGT
basal,CGGACACAGGATTCGG
basal,CGGACACGTGGTCCGT
basal,CGGACACTCGAATGCT
basal,CGGACGTAGACTAGGC
basal,CGGACGTCACATCCGG
basal,CGGACGTGTCGCATCG
basal,CGGACGTTCTCGGACG
basal,CGGACTGCAATGAATG
basal,CGGACTGGTATAATGG
basal,CGGACTGTCACGATGT
basal,CGGAGCTCAAAGTCAA
basal,CGGAGCTGTCTTGATG
basal,CGGAGCTGTGTGTGCC
basal,CGGAGTCCATCCGGGT
basal,CGGAGTCCATGGTTGT
basal,CGGAGTCTCCATTCTA
basal,CGGCTAGCACTCTGTC
basal,CGGCTAGCATTAGCCA
basal,CGGGTCAGTTCCCGAG
basal,CGGTTAAAGAAACCGC
basal,CGGTTAACACCGGAAA
basal,CGTCACTAGTATTGGA
basal,CGTCACTTCTCTTGAT
basal,CGTCAGGAGACTTGAA
basal,CGTCAGGAGGGTCGAT
basal,CGTCAGGAGTGTTTGC
basal,CGTCAGGCACAGCGTC
basal,CGTCAGGTCCAAACTG
basal,CGTCAGGTCCGAGCCA
basal,CGTCAGGTCTAGAGTC
basal,CGTCCATAGCCCAGCT
basal,CGTCCATCAAAGTGCG
basal,CGTCTACTCAACACAC
basal,CGTGAGCAGAAAGTGG
basal,CGTGAGCAGACCTAGG
basal,CGTGTAACATCACCCT
basal,CGTGTAAGTCCATGAT
basal,CGTGTAATCCTTGACC
basal,CGTGTCTAGCTCCTTC
basal,CGTGTCTCAGCGATCC
basal,CGTTAGAAGCTGTCTA
basal,CGTTAGACAGGCGATA
basal,CGTTAGATCGACCAGC
basal,CGTTAGATCTTAACCT
basal,CGTTCTGGTGCGCTTG
basal,CGTTCTGTCTGCCAGG
basal,CGTTGGGGTCCATGAT
basal,CTAACTTAGTGCCAGA
basal,CTAACTTCAAAGAATC
basal,CTAACTTCAAGCCCAC
basal,CTAACTTCAAGTCTAC
basal,CTAACTTCACCCATTC
basal,CTAACTTTCATGGTCA
basal,CTAAGACCACCGTTGG
basal,CTAAGACGTAAGTGTA
basal,CTAAGACTCGTCGTTC
basal,CTAATGGAGGTAGCCA
basal,CTAATGGCATGTTCCC
basal,CTAATGGGTCTGCAAT
basal,CTAATGGGTGATGCCC
basal,CTACACCAGTAGGTGC
basal,CTACACCTCTTGAGAC
basal,CTACATTAGAAGGTGA
basal,CTACATTAGCGATATA
basal,CTACATTCAGCCTTGG
basal,CTACATTGTTATCACG
basal,CTACATTGTTGCCTCT
basal,CTACCCACACATGACT
basal,CTACCCACACGGACAA
basal,CTACCCACATACTACG
basal,CTACCCACATGGTTGT
basal,CTACCCAGTGCATCTA
basal,CTACGTCAGATGTTAG
basal,CTACGTCAGTGCGTGA
basal,CTACGTCGTCGCCATG
basal,CTACGTCTCAGTCAGT
basal,CTAGAGTAGAAACCTA
basal,CTAGAGTAGCGATGAC
basal,CTAGAGTTCAGGCGAA
basal,CTAGAGTTCCTTCAAT
basal,CTAGAGTTCGGCTACG
basal,CTAGCCTAGGTGATAT
basal,CTAGCCTGTACAGTGG
basal,CTAGCCTGTGTAATGA
basal,CTAGTGAAGGCTATCT
basal,CTAGTGACATGCAATC
basal,CTAGTGAGTAGCGATG
basal,CTAGTGAGTCCGAATT
basal,CTAGTGATCACTTACT
basal,CTAGTGATCTTATCTG
basal,CTCACACAGAAGCCCA
basal,CTCACACAGCCACGCT
basal,CTCACACGTCGGCACT
basal,CTCACACTCCGCATCT
basal,CTCAGAAAGCGGCTTC
basal,CTCAGAAGTACAGTGG
basal,CTCAGAATCAGCGACC
basal,CTCAGAATCGTCGTTC
basal,CTCAGAATCTAACCGA
basal,CTCATTAAGTCCGTAT
basal,CTCATTACACGGTAAG
basal,CTCATTAGTAAGAGGA
basal,CTCATTAGTTACGACT
basal,CTCATTATCGAATGGG
basal,CTCCTAGCAAGTTCTG
basal,CTCCTAGCATCACCCT
basal,CTCGAAAAGAAGCCCA
basal,CTCGAAAAGTAAGTAC
basal,CTCGAAACATGGGACA
basal,CTCGAAAGTCGAACAG
basal,CTCGAAATCATCGCTC
basal,CTCGAGGGTACCAGTT
basal,CTCGAGGTCGGATGTT
basal,CTCGGAGAGATAGCAT
basal,CTCGGAGAGCAAATCA
basal,CTCGGAGCACATGGGA
basal,CTCGGAGCAGAAGCAC
basal,CTCGGAGTCATACGGT
basal,CTCGGGACAGTACACT
basal,CTCGGGAGTCTAACGT
basal,CTCGGGATCTCGTATT
basal,CTCGTACAGCTGCCCA
basal,CTCGTACCATTATCTC
basal,CTCGTACGTCAGATAA
basal,CTCGTACGTGATAAAC
basal,CTCGTACGTGGCAAAC
basal,CTCGTACTCCGCAAGC
basal,CTCGTCAAGACAGACC
basal,CTCGTCACAACAACCT
basal,CTCGTCACAGTAAGAT
basal,CTCGTCAGTTCAGGCC
basal,CTCGTCATCGCTTAGA
basal,CTCTAATCAATAGAGT
basal,CTCTAATGTCCGAAGA
basal,CTCTACGTCACCCGAG
basal,CTCTGGTAGACTAAGT
basal,CTCTGGTAGCGCTCCA
basal,CTCTGGTAGGAGTCTG
basal,CTCTGGTCATTTCACT
basal,CTCTGGTGTGCTGTAT
basal,CTCTGGTGTTCAACCA
basal,CTGAAACTCCACGAAT
basal,CTGAAACTCCACGCAG
basal,CTGAAACTCCTGCTTG
basal,CTGAAGTAGCTGCCCA
basal,CTGAAGTAGGGAAACA
basal,CTGAAGTAGTATCTCG
basal,CTGAAGTCAGCATGAG
basal,CTGAAGTCATCGGAAG
basal,CTGAAGTGTATCTGCA
basal,CTGAAGTTCCAAGTAC
basal,CTGAAGTTCCAGTATG
basal,CTGATAGCAGTTCCCT
basal,CTGATAGCATATGGTC
basal,CTGATAGGTCTTGTCC
basal,CTGATAGTCCAGTAGT
basal,CTGATCCAGATATGCA
basal,CTGATCCAGCCGTCGT
basal,CTGATCCAGGGATCTG
basal,CTGATCCAGTCAAGCG
basal,CTGATCCTCACTATTC
basal,CTGCCTAAGATGTCGG
basal,CTGCCTAGTCCAGTAT
basal,CTGCCTATCAGTTGAC
basal,CTGCGGAAGAGACTTA
basal,CTGCGGATCACATACG
basal,CTGCTGTCAATGTTGC
basal,CTGCTGTGTCCGAATT
basal,CTGCTGTTCGTTACAG
basal,CTGGTCTAGCGATTCT
basal,CTGGTCTGTTGGTTTG
basal,CTGTGCTAGGAGCGAG
basal,CTGTGCTAGTATTGGA
basal,CTGTGCTAGTCAATAG
basal,CTGTGCTAGTGGGATC
basal,CTGTGCTCAATGCCAT
basal,CTGTGCTCACCTCGTT
basal,CTGTGCTTCATGTAGC
basal,CTGTTTAAGGTTCCTA
basal,CTGTTTACACATTTCT
basal,CTGTTTAGTACTTGAC
basal,CTGTTTAGTATAAACG
basal,CTGTTTAGTCTAGAGG
basal,CTGTTTATCTCGCATC
basal,CTTAACTGTGCAGTAG
basal,CTTAACTTCACAGTAC
basal,CTTAACTTCGTGGGAA
basal,CTTACCGCAGCTGCAC
basal,CTTACCGTCCAAGTAC
basal,CTTACCGTCTTGCATT
basal,CTTAGGACAATACGCT
basal,CTTAGGAGTAGTGAAT
basal,CTTCTCTAGGAATTAC
basal,CTTCTCTAGGGCTTGA
basal,CTTCTCTCAGCTGGCT
basal,CTTCTCTGTTTAAGCC
basal,CTTCTCTTCATCACCC
basal,CTTCTCTTCTGGAGCC
basal,CTTGGCTAGCTAGCCC
basal,CTTGGCTAGCTCTCGG
basal,CTTGGCTAGGATGGAA
basal,CTTGGCTCAAGGTTCT
basal,CTTGGCTTCAAGATCC
basal,CTTGGCTTCGCATGAT
basal,CTTGGCTTCGTAGGTT
basal,CTTTGCGAGCCAACAG
basal,CTTTGCGAGCTGAACG
basal,CTTTGCGAGGGAGTAA
basal,CTTTGCGCAGTAGAGC
basal,CTTTGCGGTCTAGCGC
basal,CTTTGCGTCAGCTTAG
basal,GAAACTCAGACGCACA
basal,GAAACTCCAGGTTTCA
basal,GAAATGAAGAAACCGC
basal,GAAATGAAGTGCCAGA
basal,GAAATGACAATTGCTG
basal,GAAATGACATTATCTC
basal,GAAATGAGTCGCGTGT
basal,GAAATGAGTTCCGGCA
basal,GAACATCAGTACGTTC
basal,GAACATCGTAAAGTCA
basal,GAACATCGTGGTCCGT
basal,GAACCTAAGACAGAGA
basal,GAACCTAAGATGTCGG
basal,GAACCTAAGGGATGGG
basal,GAACGGACACATGACT
basal,GAACGGACATTACGAC
basal,GAACGGACATTGGTAC
basal,GAACGGAGTAAACACA
basal,GAACGGAGTCTGATCA
basal,GAACGGATCGGCCGAT
basal,GAACGGATCGGTCTAA
basal,GAAGCAGAGGATGCGT
basal,GAAGCAGGTGACTACT
basal,GAAGCAGGTGATGATA
basal,GAAGCAGTCTCCGGTT
basal,GAATAAGAGGGTCTCC
basal,GAATAAGTCACAACGT
basal,GAATAAGTCGTCGTTC
basal,GAATGAACAGCTTAAC
basal,GAATGAAGTCGCATAT
basal,GAATGAAGTTCCGTCT
basal,GACACGCAGGTGATTA
basal,GACACGCGTTAAGTAG
basal,GACACGCTCCTTTACA
basal,GACACGCTCGAGAACG
basal,GACACGCTCTCGATGA
basal,GACAGAGAGACAGGCT
basal,GACAGAGCAAGAAAGG
basal,GACAGAGCAATGAATG
basal,GACAGAGCACTACAGT
basal,GACAGAGTCACGCGGT
basal,GACCAATAGAGGTACC
basal,GACCAATAGCAGATCG
basal,GACCAATAGCTACCTA
basal,GACCAATAGTTACCCA
basal,GACCAATGTAGCACGA
basal,GACCTGGGTCTCTTTA
basal,GACCTGGTCATCGCTC
basal,GACCTGGTCCGTCAAA
basal,GACGCGTAGGGTTTCT
basal,GACGCGTAGTAGCGGT
basal,GACGCGTGTTAGGGTG
basal,GACGGCTAGATGGCGT
basal,GACGGCTAGGAGTCTG
basal,GACGGCTCAGCCAATT
basal,GACGGCTTCGACCAGC
basal,GACGTGCCAACTGCTA
basal,GACGTGCGTGGCAAAC
basal,GACGTTATCACAATGC
basal,GACGTTATCGGTTCGG
basal,GACTAACAGAGGGCTT
basal,GACTAACTCTTATCTG
basal,GACTACACAACACCTA
basal,GACTACATCTCCCTGA
basal,GACTGCGGTCGCTTTC
basal,GACTGCGTCACAGGCC
basal,GACTGCGTCTACTATC
basal,GAGCAGAAGGGCTCTC
basal,GAGCAGACACACCGAC
basal,GAGCAGACACCCAGTG
basal,GAGCAGAGTCAGGACA
basal,GAGCAGATCCAAGTAC
basal,GAGGTGACACATGACT
basal,GAGGTGAGTATCGCAT
basal,GAGTCCGCACGCTTTC
basal,GAGTCCGCAGCGTCCA
basal,GAGTCCGGTCCTCTTG
basal,GAGTCCGGTGATAAGT
basal,GAGTCCGTCGCGGATC
basal,GAGTCCGTCGGCATCG
basal,GATCAGTAGATACACA
basal,GATCAGTGTGCTGTAT
basal,GATCGATCAAGTAATG
basal,GATCGATCATTATCTC
basal,GATCGATGTCGCATCG
basal,GATCGATTCCTCGCAT
basal,GATCGCGAGGGAAACA
basal,GATCGCGCACATTTCT
basal,GATCGCGGTGAAAGAG
basal,GATCGTAAGGCCCTCA
basal,GATCGTACATGGTCAT
basal,GATCGTATCTACCTGC
basal,GATCTAGGTGAAAGAG
basal,GATCTAGTCCTATGTT
basal,GATGAAAAGGCAGTCA
basal,GATGAAACATCCAACA
basal,GATGAAAGTGCACCAC
basal,GATGAGGAGCGTCTAT
basal,GATGAGGCAATGGAAT
basal,GATGAGGTCCGTAGGC
basal,GATGCTAAGCAGGTCA
basal,GATGCTAAGTCAAGGC
basal,GATGCTATCGCCTGTT
basal,GATGCTATCGGTCTAA
basal,GATTCAGAGAGTGAGA
basal,GATTCAGAGCCAGTTT
basal,GATTCAGAGCTTCGCG
basal,GATTCAGCAGCTGTGC
basal,GCAAACTGTCTTCTCG
basal,GCAAACTTCGAACGGA
basal,GCAATCAAGCTAGTTC
basal,GCAATCACAAAGCAAT
basal,GCAATCACAAGGTGTG
basal,GCAATCACAATCGGTT
basal,GCAATCACAGCCACCA
basal,GCAATCAGTAAGAGAG
basal,GCAATCAGTCATCCCT
basal,GCACATAAGGCATTGG
basal,GCACATAAGGGCACTA
basal,GCACATACAAGTAATG
basal,GCACATACAATGCCAT
basal,GCACATATCGAACTGT
basal,GCAGCCAAGCGATATA
basal,GCAGCCACACGGTAGA
basal,GCAGCCAGTCTAGCGC
basal,GCAGTTAAGCTGGAAC
basal,GCATGATCAACGATGG
basal,GCATGATCAAGTTGTC
basal,GCATGATCACATTCGA
basal,GCATGATCAGGCAGTA
basal,GCATGATGTAAACCTC
basal,GCATGATGTACCCAAT
basal,GCATGATGTATGAATG
basal,GCATGATTCAACGGGA
basal,GCATGATTCACTTATC
basal,GCATGATTCTGTCAAG
basal,GCATGATTCTTGGGTA
basal,GCATGCGAGTCGAGTG
basal,GCATGCGTCGTTTGCC
basal,GCATGCGTCTGTTGAG
basal,GCATGTATCGGCTTGG
basal,GCCAAATGTTCCCGAG
basal,GCCAAATTCGATAGAA
basal,GCCTCTAAGAGCTTCT
basal,GCCTCTAAGATGCCTT
basal,GCCTCTAAGCTAAGAT
basal,GCCTCTAAGGATGTAT
basal,GCCTCTACAAACCTAC
basal,GCCTCTACAACGCACC
basal,GCCTCTACACGACTCG
basal,GCCTCTACAGATGGGT
basal,GCCTCTAGTGCGAAAC
basal,GCCTCTAGTGGAAAGA
basal,GCGACCAAGCCGTCGT
basal,GCGACCAGTACCATCA
basal,GCGACCAGTGAAAGAG
basal,GCGACCATCCATTCTA
basal,GCGACCATCGGAAATA
basal,GCGAGAAGTACCGGCT
basal,GCGAGAAGTGTAATGA
basal,GCGAGAATCTTCTGGC
basal,GCGCAACTCATCACCC
basal,GCGCAGTAGGCGCTCT
basal,GCGCAGTGTACTCGCG
basal,GCGCAGTTCAGTACGT
basal,GCGCAGTTCGCCTGAG
basal,GCGCCAAAGCCAGTTT
basal,GCGCCAAAGTACCGGA
basal,GCGCCAAGTGGCAAAC
basal,GCGCCAAGTTTGTTGG
basal,GCGCGATAGACGCAAC
basal,GCGCGATCAGCTGTTA
basal,GCGCGATGTCAAGCGA
basal,GCGCGATGTGCCTTGG
basal,GCGCGATTCCCGGATG
basal,GCGGGTTAGAGTGACC
basal,GCGGGTTAGTCACGCC
basal,GCGGGTTCATTCACTT
basal,GCTCCTACACCAGGTC
basal,GCTCCTAGTGGCGAAT
basal,GCTCCTAGTTTCCACC
basal,GCTCCTATCGAGGTAG
basal,GCTCTGTTCATAGCAC
basal,GCTCTGTTCGTATCAG
basal,GCTGCAGAGAATGTGT
basal,GCTGCAGAGGATGGTC
basal,GCTGCAGCAGTCGATT
basal,GCTGCAGGTTTAGCTG
basal,GCTGCGAAGAAGGCCT
basal,GCTGCGAAGTTGTAGA
basal,GCTGCTTAGTATCTCG
basal,GCTGCTTCACGTAAGG
basal,GCTGCTTGTACTTGAC
basal,GCTGCTTGTCTCAACA
basal,GCTGCTTGTTAAGTAG
basal,GCTGCTTTCGTGACAT
basal,GCTGGGTCATGAACCT
basal,GCTGGGTGTTTCGCTC
basal,GCTGGGTTCCTTGACC
basal,GCTTCCAAGCAGACTG
basal,GCTTCCACACATTCGA
basal,GCTTCCAGTCTCTCGT
basal,GCTTCCATCCACGACG
basal,GCTTGAACAATAGCAA
basal,GCTTGAACACGACGAA
basal,GCTTGAACAGGGATTG
basal,GGAAAGCAGACACGAC
basal,GGAAAGCCATCGGAAG
basal,GGAAAGCGTCAGAGGT
basal,GGAAAGCGTCCTAGCG
basal,GGAAAGCTCCAAACTG
basal,GGAACTTAGATAGTCA
basal,GGAACTTCAATAGAGT
basal,GGAACTTCACCGATAT
basal,GGAACTTCATAGAAAC
basal,GGAACTTGTGAGGGTT
basal,GGAACTTTCATCGCTC
basal,GGAATAAAGAGTGAGA
basal,GGAATAAAGGGTTTCT
basal,GGAATAAGTACATCCA
basal,GGAATAATCAAGGCTT
basal,GGAATAATCCAGATCA
basal,GGAATAATCCCTTGTG
basal,GGACAAGAGTGTCCAT
basal,GGACAAGAGTGTCCCG
basal,GGACAAGCAGCCAGAA
basal,GGACAAGCATAGACTC
basal,GGACAAGGTTGGTGGA
basal,GGACAGAAGGCGCTCT
basal,GGACAGAGTATTCGTG
basal,GGACAGAGTTCCAACA
basal,GGACAGAGTTCCTCCA
basal,GGACAGATCACCTTAT
basal,GGACAGATCGAGAACG
basal,GGACATTAGTGTTAGA
basal,GGACATTCAAGTTCTG
basal,GGACATTGTCGCTTCT
basal,GGACGTCAGAGCTTCT
basal,GGACGTCAGCCCAGCT
basal,GGACGTCCACAACTGT
basal,GGACGTCTCCCTCAGT
basal,GGACGTCTCCGCATAA
basal,GGAGCAAAGCTGCGAA
basal,GGAGCAACACATGACT
basal,GGAGCAACACCTATCC
basal,GGAGCAAGTCGCGTGT
basal,GGAGCAATCTATCCTA
basal,GGATGTTCAAGACACG
basal,GGATGTTGTTCCATGA
basal,GGATGTTTCTACGAGT
basal,GGATTACAGGACACCA
basal,GGATTACGTCTTGATG
basal,GGATTACGTTCAACCA
basal,GGATTACTCGCTTGTC
basal,GGATTACTCTCTAGGA
basal,GGCAATTAGCTAAGAT
basal,GGCAATTCACCAGTTA
basal,GGCAATTGTCCATCCT
basal,GGCCGATTCAACGCTA
basal,GGCGACTCACCGCTAG
basal,GGCGACTTCTAGAGTC
basal,GGCGACTTCTCCCTGA
basal,GGCGTGTAGGAGTCTG
basal,GGCGTGTTCCGAATGT
basal,GGCTGGTAGGCCGAAT
basal,GGCTGGTCACAACTGT
basal,GGCTGGTGTCCATGAT
basal,GGCTGGTTCCAACCAA
basal,GGGAATGGTAAGAGGA
basal,GGGAATGGTTACCGAT
basal,GGGAATGTCTACTATC
basal,GGGAATGTCTGATACG
basal,GGGACCTAGGGCTCTC
basal,GGGACCTCATGTCTCC
basal,GGGACCTCATTAACCG
basal,GGGACCTGTTATCACG
basal,GGGACCTTCAATCTCT
basal,GGGAGATAGACTAGAT
basal,GGGAGATCATTCACTT
basal,GGGAGATGTAACGCGA
basal,GGGAGATGTTGCGTTA
basal,GGGAGATTCAGAAATG
basal,GGGAGATTCCCAAGAT
basal,GGGAGATTCCGGGTGT
basal,GGGATGACAAATTGCC
basal,GGGATGAGTCACTGGC
basal,GGGATGAGTGTGACCC
basal,GGGATGATCTTGTACT
basal,GGGCACTAGAAGGTTT
basal,GGGCACTGTCAAAGCG
basal,GGGCACTGTGAGGGTT
basal,GGGCACTTCCAAACAC
basal,GGGCATCAGAATAGGG
basal,GGGCATCCATTGCGGC
basal,GGGCATCTCCGTCAAA
basal,GGGTCTGAGATGAGAG
basal,GGGTCTGCACCACGTG
basal,GGGTCTGCACGTCTCT
basal,GGGTCTGCAGGACGTA
basal,GGGTCTGGTCACTGGC
basal,GGGTCTGGTCGTTGTA
basal,GGGTCTGTCGTCACGG
basal,GGGTTGCCACGTCTCT
basal,GGGTTGCGTCGCCATG
basal,GGGTTGCTCGGTGTTA
basal,GGTATTGAGGCGTACA
basal,GGTATTGAGGTACTCT
basal,GGTATTGGTCGAACAG
basal,GGTGAAGGTATGAATG
basal,GGTGCGTGTGGCGAAT
basal,GGTGCGTGTGGTACAG
basal,GGTGCGTTCCAACCAA
basal,GGTGTTAAGAGCTTCT
basal,GGTGTTACACCGAATT
basal,GGTGTTACAGCTCGCA
basal,GGTGTTATCCTCGCAT
basal,GTAACGTCAACGATGG
basal,GTAACGTCAAGTCTAC
basal,GTAACTGAGGAGCGAG
basal,GTAACTGCAAACAACA
basal,GTACGTACACGAAAGC
basal,GTACGTATCCACTCCA
basal,GTACTCCAGCTGCAAG
basal,GTACTCCAGTAGCCGA
basal,GTACTCCCAAGTCTGT
basal,GTACTCCCACAGGAGT
basal,GTACTCCTCGCCATAA
basal,GTACTTTAGCGTAATA
basal,GTACTTTAGTTCGCGC
basal,GTACTTTTCAACGAAA
basal,GTAGGCCCACCGCTAG
basal,GTAGGCCCATCCAACA
basal,GTAGGCCGTAGCGTAG
basal,GTAGGCCGTCTTGTCC
basal,GTAGGCCGTTAGGGTG
basal,GTAGGCCTCAGGCAAG
basal,GTAGTCATCACGATGT
basal,GTAGTCATCCAAATGC
basal,GTATCTTAGATGTCGG
basal,GTATCTTTCAAAGACA
basal,GTATCTTTCATGTCTT
basal,GTATCTTTCTCCAACC
basal,GTATTCTAGGACAGCT
basal,GTATTCTCAAGCCCAC
basal,GTATTCTTCTAACTGG
basal,GTCAAGTGTACCTACA
basal,GTCAAGTGTCCCTACT
basal,GTCACAAAGTGAACAT
basal,GTCACAAAGTTCGATC
basal,GTCACAACAGCTATTG
basal,GTCACAACAGCTGTGC
basal,GTCACAACATATGAGA
basal,GTCACAAGTCTAGAGG
basal,GTCACAAGTTTAAGCC
basal,GTCACGGAGACCTAGG
basal,GTCACGGAGGCAGTCA
basal,GTCACGGCACGCGAAA
basal,GTCACGGGTACAGACG
basal,GTCACGGGTACTTCTT
basal,GTCACGGGTGCCTGCA
basal,GTCACGGGTGCCTTGG
basal,GTCACGGTCCGCTGTT
basal,GTCACGGTCGATAGAA
basal,GTCATTTAGCTAGTTC
basal,GTCATTTGTATCACCA
basal,GTCATTTGTTTACTCT
basal,GTCCTCACAGCTGTTA
basal,GTCCTCATCATTATCC
basal,GTCCTCATCGCTAGCG
basal,GTCGGGTCACCGAATT
basal,GTCGTAAAGCAATATG
basal,GTCGTAACATCTCCCA
basal,GTCTCGTAGGCGATAC
basal,GTCTCGTAGGGCACTA
basal,GTCTCGTCACAACGTT
basal,GTCTTCGCAGGGCATA
basal,GTCTTCGCATTGGGCC
basal,GTCTTCGGTGCAGGTA
basal,GTGAAGGAGATGTGTA
basal,GTGAAGGAGTACGCCC
basal,GTGAAGGCAATGGTCT
basal,GTGAAGGGTCTAAACC
basal,GTGCAGCTCAATCACG
basal,GTGCAGCTCTGAAAGA
basal,GTGCATAAGCACAGGT
basal,GTGCATAAGTGAACGC
basal,GTGCGGTGTAGGACAC
basal,GTGCGGTGTCACTTCC
basal,GTGCTTCAGCGTTCCG
basal,GTGCTTCAGCTGGAAC
basal,GTGCTTCCAGCCACCA
basal,GTGCTTCCAGGACGTA
basal,GTGCTTCGTCTCACCT
basal,GTGGGTCAGTGGGCTA
basal,GTGGGTCCATCTCCCA
basal,GTGGGTCGTATGAAAC
basal,GTGGGTCGTCACTGGC
basal,GTGGGTCTCAACCATG
basal,GTGTGCGAGCGATAGC
basal,GTGTGCGGTTCGGCAC
basal,GTGTGCGTCGTACCGG
basal,GTGTTAGAGCGTCTAT
basal,GTGTTAGGTCGCGGTT
basal,GTGTTAGTCGTCTGAA
basal,GTGTTAGTCTTGCAAG
basal,GTTAAGCAGCGATGAC
basal,GTTAAGCAGGATGGTC
basal,GTTAAGCCACAACGCC
basal,GTTAAGCCATCTGGTA
basal,GTTAAGCGTGTTTGGT
basal,GTTAAGCGTTCTGTTT
basal,GTTAAGCTCGTACGGC
basal,GTTACAGAGCGCTTAT
basal,GTTACAGGTCTAGCCG
basal,GTTCATTAGAGACGAA
basal,GTTCATTCATGCAACT
basal,GTTCATTGTAAGGGAA
basal,GTTCATTGTAATCACC
basal,GTTCATTTCGCTTAGA
basal,GTTCGGGGTCCTCTTG
basal,GTTCGGGTCATATCGG
basal,GTTCGGGTCGCCTGAG
basal,GTTCTCGAGGGAGTAA
basal,GTTCTCGAGTTCGCGC
basal,GTTCTCGTCGACCAGC
basal,GTTCTCGTCTTCAACT
basal,GTTTCTACAGGTCGTC
basal,GTTTCTAGTCTGATCA
basal,GTTTCTAGTTCCACTC
basal,GTTTCTATCAGCGACC
basal,GTTTCTATCATGTGGT
basal,GTTTCTATCCAGGGCT
basal,GTTTCTATCTATCGCC
basal,TAAACCGAGGCCATAG
basal,TAAACCGCATGGTAGG
basal,TAAACCGTCTGCTGTC
basal,TAAGAGAAGACTAAGT
basal,TAAGAGACATACTCTT
basal,TAAGAGATCTTGCATT
basal,TAAGCGTCACCTTGTC
basal,TAAGCGTCACTTAAGC
basal,TAAGCGTCATAGGATA
basal,TAAGCGTCATCACCCT
basal,TAAGCGTTCCGTTGTC
basal,TAAGTGCAGGGTGTGT
basal,TAAGTGCCAGCTGTAT
basal,TAAGTGCGTGGTAACG
basal,TAAGTGCTCAGTGCAT
basal,TACACGAGTGACAAAT
basal,TACACGAGTTGTTTGG
basal,TACACGATCGTGTAGT
basal,TACACGATCTTGTACT
basal,TACAGTGAGGCAGGTT
basal,TACAGTGAGGCTCATT
basal,TACAGTGCACCAGCAC
basal,TACAGTGTCAGTTCGA
basal,TACCTATCACGGTGTC
basal,TACCTATGTCAAGCGA
basal,TACCTTAAGTGTTAGA
basal,TACCTTACAAGCGTAG
basal,TACCTTATCGTCACGG
basal,TACGGATAGGGCTTGA
basal,TACGGATCAAATCCGT
basal,TACGGATTCAAACAAG
basal,TACGGATTCTTAACCT
basal,TACGGGCAGACTCGGA
basal,TACGGGCCACAGGCCT
basal,TACGGGCGTCATACTG
basal,TACGGTACAGGAACGT
basal,TACGGTATCATTGCGA
basal,TACTCATAGTTTAGGA
basal,TACTCATCACCAGTTA
basal,TACTCATCATGCCTAA
basal,TACTCATGTAGGGTAC
basal,TACTCGCAGTAGATGT
basal,TACTCGCTCGCACTCT
basal,TACTTACCACAACGTT
basal,TACTTACTCGCCCTTA
basal,TACTTGTAGGAGTTTA
basal,TACTTGTAGTATCTCG
basal,TACTTGTCAGGTCTCG
basal,TACTTGTCAGTGGGAT
basal,TACTTGTGTTTCGCTC
basal,TACTTGTTCACCGGGT
basal,TACTTGTTCACGAAGG
basal,TAGACCAAGGTGTTAA
basal,TAGACCACACGACTCG
basal,TAGACCATCTCTGAGA
basal,TAGAGCTAGATCACGG
basal,TAGAGCTAGGCAATTA
basal,TAGAGCTCACACTGCG
basal,TAGAGCTCAGACAGGT
basal,TAGAGCTCAGCCAATT
basal,TAGAGCTGTGTTCGAT
basal,TAGAGCTTCAACTCTT
basal,TAGAGCTTCAGTACGT
basal,TAGCCGGCATCCGCGA
basal,TAGCCGGCATTCTCAT
basal,TAGCCGGGTCGAACAG
basal,TAGCCGGTCCTGCTTG
basal,TAGGCATAGTTCCACA
basal,TAGGCATCACGTTGGC
basal,TAGGCATGTATGAAAC
basal,TAGGCATTCTTCTGGC
basal,TAGTGGTAGCACCGTC
basal,TAGTGGTCAAATCCGT
basal,TAGTGGTGTTGTGGAG
basal,TAGTGGTTCAGCGACC
basal,TAGTGGTTCCGTAGGC
basal,TAGTGGTTCGCAAGCC
basal,TAGTTGGAGTGGGATC
basal,TAGTTGGCAGACTCGC
basal,TAGTTGGGTCATCCCT
basal,TAGTTGGTCTTGCCGT
basal,TATCAGGAGAGACTAT
basal,TATCAGGCAATCGAAA
basal,TATCAGGGTAGCCTAT
basal,TATCAGGTCTTCATGT
basal,TATCTCAAGCACCGCT
basal,TATCTCAGTTCGCGAC
basal,TATGCCCCAAGCTGGA
basal,TATGCCCCACCAGGTC
basal,TATGCCCCATCCGTGG
basal,TATGCCCGTTTGTGTG
basal,TATGCCCTCACAACGT
basal,TATGCCCTCCAAACAC
basal,TATTACCTCGTAGATC
basal,TCAACGAAGAGTTGGC
basal,TCAACGACAGCTGCAC
basal,TCAACGAGTGTGGCTC
basal,TCAACGAGTGTTGAGG
basal,TCAACGATCGGATGGA
basal,TCAATCTCACGAGGTA
basal,TCAATCTGTCAAGCGA
basal,TCAATCTGTCACTGGC
basal,TCAATCTTCTCTTATG
basal,TCACAAGGTAGCGCAA
basal,TCACAAGGTGAGGCTA
basal,TCACAAGGTGTAACGG
basal,TCACGAAAGAAACGAG
basal,TCACGAAAGATAGTCA
basal,TCACGAAAGATGCCTT
basal,TCACGAAAGCAGCCTC
basal,TCACGAAAGTACGTTC
basal,TCACGAACAAACCTAC
basal,TCACGAATCTGCTGCT
basal,TCAGATGCAGTTCCCT
basal,TCAGATGTCAACCATG
basal,TCAGCAAAGGCTAGAC
basal,TCAGCAACAGTTCCCT
basal,TCAGCAAGTAAGAGGA
basal,TCAGCAAGTGTTCTTT
basal,TCAGCAATCCACTGGG
basal,TCAGCTCAGAAGGCCT
basal,TCAGCTCAGGAGCGAG
basal,TCAGCTCAGTTACCCA
basal,TCAGCTCCAGCCTTGG
basal,TCAGCTCGTACCATCA
basal,TCAGCTCTCCTTCAAT
basal,TCAGGATCAATGAAAC
basal,TCAGGATCACCAACCG
basal,TCAGGATCACTTACGA
basal,TCAGGATCAGTCGTGC
basal,TCAGGATGTAGCGCTC
basal,TCAGGATGTAGTAGTA
basal,TCAGGATGTCATCGGC
basal,TCAGGATGTTTGTTGG
basal,TCAGGTAAGCCACGTC
basal,TCAGGTACAAATACAG
basal,TCAGGTACATTTGCTT
basal,TCAGGTAGTCAGAGGT
basal,TCATTACAGATCCTGT
basal,TCATTACAGCAAATCA
basal,TCATTACAGGGAGTAA
basal,TCATTACGTAAGGATT
basal,TCATTACGTCATCGGC
basal,TCATTTGGTGAGCGAT
basal,TCATTTGTCCACGAAT
basal,TCCACACCAAGCCTAT
basal,TCCACACGTCTTCTCG
basal,TCCACACTCAGTCCCT
basal,TCCCGATCAGCGTTCG
basal,TCCCGATCATGCCACG
basal,TCCCGATGTGTAAGTA
basal,TCCCGATTCTCGCATC
basal,TCGAGGCAGAGTCTGG
basal,TCGAGGCTCCCACTTG
basal,TCGAGGCTCGTGACAT
basal,TCGCGAGAGGGCTTGA
basal,TCGCGAGGTAGCTTGT
basal,TCGCGTTGTATGCTTG
basal,TCGGGACAGAGTAAGG
basal,TCGGGACCACCAACCG
basal,TCGGGACTCACAAACC
basal,TCGGGACTCACTGGGC
basal,TCGGGACTCATTGCGA
basal,TCGGTAAAGGTACTCT
basal,TCGGTAACAAGCCGCT
basal,TCGGTAACACAGGTTT
basal,TCGGTAAGTGCGCTTG
basal,TCGGTAATCAGTGTTG
basal,TCGTACCGTGTCAATC
basal,TCGTACCGTTGAACTC
basal,TCGTAGAAGAAACCGC
basal,TCGTAGAAGACAGGCT
basal,TCGTAGAGTCTCATCC
basal,TCTATTGCACGACTCG
basal,TCTATTGGTCCCTACT
basal,TCTATTGGTGCATCTA
basal,TCTCATAAGGCGACAT
basal,TCTCATACAGCGATCC
basal,TCTCATAGTCAAAGAT
basal,TCTCATATCACCCGAG
basal,TCTCTAAAGTTAGCGG
basal,TCTGAGAAGCAAATCA
basal,TCTGAGAGTGAGCGAT
basal,TCTGGAACAACACCTA
basal,TCTGGAACAATAGCGG
basal,TCTGGAACAGGCGATA
basal,TCTTCGGAGCTCCTTC
basal,TCTTCGGTCGCTGATA
basal,TCTTTCCAGGATCGCA
basal,TCTTTCCCAAACTGCT
basal,TCTTTCCGTGTAACGG
basal,TCTTTCCTCAATACCG
basal,TGAAAGAAGACCTTTG
basal,TGAAAGACAATAGCGG
basal,TGAAAGACACATGGGA
basal,TGAAAGACATGCAACT
basal,TGAAAGAGTGTTTGGT
basal,TGAAAGATCAACTCTT
basal,TGACAACCATTACGAC
basal,TGACAACGTCCAACTA
basal,TGACAACTCAGATAAG
basal,TGACAACTCCCAAGTA
basal,TGACTAGCATCCGGGT
basal,TGACTAGCATTTCAGG
basal,TGACTAGGTCACCCAG
basal,TGACTAGTCAGTTGAC
basal,TGACTAGTCATGTAGC
basal,TGACTAGTCCACGCAG
basal,TGACTTTGTCAGAATA
basal,TGACTTTGTTCCTCCA
basal,TGACTTTTCCTGCCAT
basal,TGAGAGGCAGTAGAGC
basal,TGAGAGGGTCTGGTCG
basal,TGAGAGGGTGAGGGTT
basal,TGAGCATAGATTACCC
basal,TGAGCATGTCGTCTTC
basal,TGAGCATTCAATACCG
basal,TGAGCCGAGACCCACC
basal,TGAGCCGAGAGTTGGC
basal,TGAGCCGCAATCGAAA
basal,TGAGCCGCATGGGAAC
basal,TGAGCCGTCAAACCGT
basal,TGAGGGATCGCGATCG
basal,TGAGGGATCTGGCGAC
basal,TGATTTCAGCGCCTTG
basal,TGATTTCAGGATATAC
basal,TGATTTCCATATACCG
basal,TGATTTCGTTAAGTAG
basal,TGATTTCTCTGTCAAG
basal,TGCACCTAGTCAAGGC
basal,TGCACCTAGTGCCATT
basal,TGCACCTGTCTTGCGG
basal,TGCACCTTCATAGCAC
basal,TGCACCTTCCGTTGTC
basal,TGCCAAAAGCCAGTTT
basal,TGCCAAAAGCCTTGAT
basal,TGCCAAAAGTGTACTC
basal,TGCCAAAAGTTCCACA
basal,TGCCAAAGTCAGTGGA
basal,TGCCCATAGAGTACAT
basal,TGCCCATCACTTAACG
basal,TGCCCATCATACCATG
basal,TGCCCTAAGGTCGGAT
basal,TGCCCTATCATTGCGA
basal,TGCCCTATCGGTGTCG
basal,TGCCCTATCTCAAGTG
basal,TGCCCTATCTTAGCCC
basal,TGCGCAGCACCCATTC
basal,TGCGCAGCATCACGAT
basal,TGCGCAGTCAGCATGT
basal,TGCGGGTGTAAGTGTA
basal,TGCGGGTTCCAGATCA
basal,TGCGGGTTCTCCTATA
basal,TGCGTGGAGAAGGACA
basal,TGCGTGGGTACTTGAC
basal,TGCGTGGTCACTTACT
basal,TGCTACCGTCCGTTAA
basal,TGCTGCTAGTGAAGTT
basal,TGCTGCTTCAACACGT
basal,TGGACGCCACGTCAGC
basal,TGGACGCCAGGACGTA
basal,TGGACGCCATACCATG
basal,TGGACGCTCGTTGCCT
basal,TGGCCAGAGGAGTTTA
basal,TGGCCAGAGGCTATCT
basal,TGGCCAGCAGAAGCAC
basal,TGGCCAGGTAAGGGCT
basal,TGGCGCAAGCACGCCT
basal,TGGCGCAAGGGTATCG
basal,TGGCGCACAAACGTGG
basal,TGGCGCACATACGCCG
basal,TGGCGCAGTGGCGAAT
basal,TGGCGCATCGATGAGG
basal,TGGCTGGAGAGAGCTC
basal,TGGCTGGCAGGAACGT
basal,TGGCTGGTCTCGGACG
basal,TGGGAAGGTCTAAAGA
basal,TGGGAAGGTTGTCGCG
basal,TGGGCGTTCCGTTGTC
basal,TGGGCGTTCTTACCTA
basal,TGGTTAGAGCGTAATA
basal,TGGTTAGAGCTAAGAT
basal,TGGTTAGCAAAGCAAT
basal,TGGTTAGCACTAAGTC
basal,TGGTTAGTCAGATAAG
basal,TGGTTAGTCTCTGTCG
basal,TGGTTCCAGATAGTCA
basal,TGGTTCCAGCACCGTC
basal,TGGTTCCGTACGAAAT
basal,TGTATTCAGACTTGAA
basal,TGTATTCCACGGTTTA
basal,TGTATTCCAGCGTAAG
basal,TGTCCCACACGTAAGG
basal,TGTCCCACAGCTGCTG
basal,TGTCCCACATGCCTAA
basal,TGTCCCAGTGTAATGA
basal,TGTCCCAGTTCGTTGA
basal,TGTCCCATCACCCGAG
basal,TGTGGTATCGCAGGCT
basal,TGTGGTATCGCGATCG
basal,TGTGTTTCAAGCCTAT
basal,TGTGTTTCAAGCGCTC
basal,TGTGTTTCATGCCACG
basal,TGTGTTTGTGGTCCGT
basal,TGTGTTTTCCATGCTC
basal,TGTGTTTTCCTTTCGG
basal,TGTGTTTTCGCCATAA
basal,TGTGTTTTCTACTCAT
basal,TGTTCCGCAATGACCT
basal,TGTTCCGCACACCGCA
basal,TGTTCCGGTAGCTAAA
basal,TGTTCCGGTTACTGAC
basal,TTAACTCAGGGCTCTC
basal,TTAACTCCAGTCCTTC
basal,TTAACTCTCTGCGTAA
basal,TTAACTCTCTGTGCAA
basal,TTAGGACAGGAGTTGC
basal,TTAGGACAGGGTCTCC
basal,TTAGGACCATGAGCGA
basal,TTAGGACGTAGGGACT
basal,TTAGGACTCTGATTCT
basal,TTAGGCAGTAAGGGAA
basal,TTAGGCATCCACTGGG
basal,TTAGTTCAGCTGCCCA
basal,TTAGTTCCATCCGTGG
basal,TTAGTTCGTCTAGAGG
basal,TTAGTTCTCGCAGGCT
basal,TTATGCTCACAGTCGC
basal,TTATGCTGTAAATGTG
basal,TTATGCTGTACTCAAC
basal,TTATGCTTCAGTTTGG
basal,TTCCCAGAGAGTCGGT
basal,TTCCCAGAGGAATTAC
basal,TTCGAAGAGATATGCA
basal,TTCGAAGCAGCTCGCA
basal,TTCGAAGCAGGGTATG
basal,TTCGAAGCATCGATTG
basal,TTCGAAGGTCTTGATG
basal,TTCGAAGTCACAAACC
basal,TTCGAAGTCTTGGGTA
basal,TTCGGTCCACATCTTT
basal,TTCGGTCCACGGTGTC
basal,TTCGGTCTCTTGCAAG
basal,TTCTACACACAAGTAA
basal,TTCTACACAGACAAAT
basal,TTCTACAGTAACGTTC
basal,TTCTACAGTATTACCG
basal,TTCTCAAAGCGCTCCA
basal,TTCTCAAAGGATATAC
basal,TTCTCAAAGGCGACAT
basal,TTCTCAAAGTGAAGAG
basal,TTCTCAACACGAAACG
basal,TTCTCAACAGCAGTTT
basal,TTCTCCTCACGGTAGA
basal,TTCTCCTGTCTTTCAT
basal,TTCTTAGAGGTCATCT
basal,TTCTTAGTCAAACGGG
basal,TTCTTAGTCCAAGTAC
basal,TTCTTAGTCCTGTAGA
basal,TTCTTAGTCGGTTAAC
basal,TTGAACGAGACAAAGG
basal,TTGAACGAGATGGGTC
basal,TTGAACGAGCTGCCCA
basal,TTGAACGGTCTCTTAT
basal,TTGAACGTCACCGTAA
basal,TTGAACGTCGCCTGAG
basal,TTGACTTAGGCTCATT
basal,TTGACTTGTAAATGTG
basal,TTGACTTGTGCCTTGG
basal,TTGACTTGTGTAACGG
basal,TTGACTTTCTACTTAC
basal,TTGCCGTCAGTAAGCG
basal,TTGCCGTTCGCAAGCC
basal,TTGCGTCCAAGTCTGT
basal,TTGCGTCGTCTCCATC
basal,TTGCGTCGTTGAGGTG
basal,TTGCGTCTCGGCTACG
basal,TTGCGTCTCTTATCTG
basal,TTGGAACAGATGGCGT
basal,TTGGAACGTACGCACC
basal,TTGGAACGTTGCGTTA
basal,TTGGAACGTTGGACCC
basal,TTGGCAAAGGATGTAT
basal,TTGGCAACAAGCTGTT
basal,TTGGCAAGTTCAACCA
basal,TTGTAGGAGCACGCCT
basal,TTGTAGGAGGGAACGG
basal,TTGTAGGTCACAGTAC
basal,TTGTAGGTCCTTTCGG
basal,TTTACTGAGATTACCC
basal,TTTACTGAGTACATGA
basal,TTTACTGCAGACGTAG
basal,TTTACTGCATCACGTA
basal,TTTACTGGTTCACGGC
basal,TTTATGCAGACTGGGT
basal,TTTATGCAGCTACCTA
basal,TTTATGCAGTTTAGGA
basal,TTTATGCCAATGTTGC
basal,TTTATGCCACGACGAA
basal,TTTATGCTCAGTTAGC
basal,TTTCCTCAGCTAGCCC
basal,TTTCCTCCAGATCTGT
basal,TTTCCTCTCACGCATA
basal,TTTCCTCTCCGCGGTA
basal,TTTCCTCTCTGAGGGA
basal,TTTCCTCTCTTACCGC
basal,TTTGCGCCAAACTGTC
basal,TTTGCGCGTAAATGAC
basal,TTTGCGCGTAACGCGA
basal,TTTGCGCGTCGGCTCA
basal,TTTGCGCTCTCCAACC
basal,TTTGGTTAGGCTAGCA
basal,TTTGGTTAGGGTCTCC
basal,TTTGGTTCACATAACC
basal,TTTGGTTCAGAAGCAC
basal,TTTGGTTTCGCATGGC
basal,TTTGTCAAGATGCGAC
basal,TTTGTCACACCAGGCT
basal,TTTGTCACATGCATGT
basal,TTTGTCAGTAGGCATG
